bar_opening	handled	conversation:opinion	no	Sable lets their shoulders drop. ‘Good. If it doesn't sound threatening, I can send it as it is. I only want t
bar_opening	handled	conversation:opinion	yes	Sable: ‘Very threatening, then. I'll soften the supplier letter before it starts demanding a ransom.’
bar_opening	handled	conversation:opinion	no it doesn't sound threatening	Sable lets their shoulders drop. ‘Good. If it doesn't sound threatening, I can send it as it is. I only want t
bar_opening	rejected	language-verb:a (handler detail not recorded)	a little	I couldn't place that action. Nothing changed. HELP gives examples; name the person or object when returning t
bar_opening	rejected	language-verb:sounds (handler detail not recorded)	sounds fine to me	I couldn't place that action. Nothing changed. HELP gives examples; name the person or object when returning t
bar_opening	clarified	conversation:opinion-clarify	it sounds fine	What do you mean about supplier?
bar_opening	rejected	language-verb:not (handler detail not recorded)	not really	No action taken. Say what you want to do when you've decided.
bar_opening	deferred	conversation:hesitation	maybe	Sable tilts the page towards the light. ‘Hard to tell without hearing it in their voice, isn't it? I'll sleep 
bar_opening	clarified	conversation:opinion-clarify	I think it's fine	What do you mean about supplier?
bar_opening	rejected	language-verb:it's (handler detail not recorded)	it's a bit much	I couldn't place that action. Nothing changed. HELP gives examples; name the person or object when returning t
bar_opening	clarified	action:unknown-object	examine pencil	I couldn't identify a supported object for that action. Name the menu or a visible evidence item; no object ha
bar_opening	clarified	action:unknown-object	look at the pencil	I couldn't identify a supported object for that action. Name the menu or a visible evidence item; no object ha
bar_opening	rejected	language-verb:tell (handler detail not recorded)	tell me about the pencil	I couldn't place that action. Nothing changed. HELP gives examples; name the person or object when returning t
bar_opening	clarified	action:unknown-object	x counter	I couldn't identify a supported object for that action. Name the menu or a visible evidence item; no object ha
bar_opening	handled	object:examine	look at the counter	A worn wooden serving counter. You can set a held object on it.
bar_opening	clarified	action:unknown-object	look at the glasses	I couldn't identify a supported object for that action. Name the menu or a visible evidence item; no object ha
bar_opening	clarified	action:unknown-object	look at the shelves	I couldn't identify a supported object for that action. Name the menu or a visible evidence item; no object ha
bar_opening	clarified	action:unknown-object	look at the speakers	I couldn't identify a supported object for that action. Name the menu or a visible evidence item; no object ha
bar_opening	rejected	language-verb:search (handler detail not recorded)	look behind the curtain	I couldn't place that action. Nothing changed. HELP gives examples; name the person or object when returning t
bar_opening	clarified	action:unknown-object	examine curtain	I couldn't identify a supported object for that action. Name the menu or a visible evidence item; no object ha
bar_opening	rejected	language-verb:go (handler detail not recorded)	go through the curtain	You can go to the bar, shop, booth or home.
bar_opening	rejected	language-verb:search (handler detail not recorded)	look under the counter	I couldn't place that action. Nothing changed. HELP gives examples; name the person or object when returning t
bar_opening	clarified	action:unknown-object	look at the lids	I couldn't identify a supported object for that action. Name the menu or a visible evidence item; no object ha
bar_opening	clarified	action:unknown-object	examine the box	I couldn't identify a supported object for that action. Name the menu or a visible evidence item; no object ha
bar_opening	clarified	action:unknown-object	look at the box of lids	I couldn't identify a supported object for that action. Name the menu or a visible evidence item; no object ha
bar_opening	clarified	action:unknown-object	look at sable	I couldn't identify a supported object for that action. Name the menu or a visible evidence item; no object ha
bar_opening	clarified	action:unknown-object	examine sable	I couldn't identify a supported object for that action. Name the menu or a visible evidence item; no object ha
bar_opening	clarified	action:unknown-object	x sable	I couldn't identify a supported object for that action. Name the menu or a visible evidence item; no object ha
bar_opening	clarified	action:unknown-object	look at the bass line	I couldn't identify a supported object for that action. Name the menu or a visible evidence item; no object ha
bar_opening	handled	conversation:plans-response	listen	Sable smiles. ‘I'll take that under advisement. Possibly with chips.’
bar_opening	clarified	conversation:opinion-clarify	listen to the music	What do you mean about music?
bar_opening	rejected	language-verb:smell (handler detail not recorded)	smell	I couldn't place that action. Nothing changed. HELP gives examples; name the person or object when returning t
bar_opening	rejected	language-verb:smell (handler detail not recorded)	smell the coffee	I couldn't place that action. Nothing changed. HELP gives examples; name the person or object when returning t
bar_opening	rejected	language-verb:touch (handler detail not recorded)	touch the counter	I couldn't place that action. Nothing changed. HELP gives examples; name the person or object when returning t
bar_opening	rejected	language-verb:sit (handler detail not recorded)	sit down	I couldn't place that action. Nothing changed. HELP gives examples; name the person or object when returning t
bar_opening	rejected	language-verb:sit (handler detail not recorded)	sit at the counter	I couldn't place that action. Nothing changed. HELP gives examples; name the person or object when returning t
bar_opening	rejected	language-verb:stand (handler detail not recorded)	stand up	I couldn't place that action. Nothing changed. HELP gives examples; name the person or object when returning t
bar_opening	handled	object:examine	read menu	The menu: tea, coffee and water. Minor Administrative Disappointment is citrus cordial and soda, alcohol-free 
bar_opening	handled	object:examine	read the menu	The menu: tea, coffee and water. Minor Administrative Disappointment is citrus cordial and soda, alcohol-free 
bar_opening	handled	inspect:menu	x menu	The menu: tea, coffee and water. Minor Administrative Disappointment is citrus cordial and soda, alcohol-free 
bar_opening	rejected	language-verb:inventory (handler detail not recorded)	i	I couldn't place that action. Nothing changed. HELP gives examples; name the person or object when returning t
bar_opening	handled	language-verb:inventory (handler detail not recorded)	inventory	satchel (open) | Contents of closed bags are carried but must be opened before inspection or showing.
bar_opening	handled	language-verb:wait (handler detail not recorded)	wait	You wait 10 minutes.
bar_opening	rejected	language-verb:wait (handler detail not recorded)	z	Wait between one minute and one day, or rest until tomorrow at home.
bar_opening	rejected	language-verb:gin (handler detail not recorded)	gin	I couldn't place that action. Nothing changed. HELP gives examples; name the person or object when returning t
bar_opening	rejected	language-verb:ask (handler detail not recorded)	ask for gin	I couldn't place that action. Nothing changed. HELP gives examples; name the person or object when returning t
bar_opening	rejected	language-verb:a (handler detail not recorded)	a gin please	I couldn't place that action. Nothing changed. HELP gives examples; name the person or object when returning t
bar_opening	rejected	language-verb:the (handler detail not recorded)	the special with gin	I couldn't place that action. Nothing changed. HELP gives examples; name the person or object when returning t
bar_opening	handled	conversation:order-drink	order the special	Sable sets a glass of alcohol-free special within reach. ‘Minor Administrative Disappointment: citrus cordial 
bar_opening	handled	conversation:order-drink	order coffee	Sable sets a cup of coffee within reach. ‘Coffee. Smells more awake than either of us.’
bar_opening	handled	conversation:order-drink	tea please	Sable sets a cup of tea within reach. ‘Tea. I'll give it a minute before asking it anything difficult.’
bar_opening	handled	conversation:order-drink	can I get a tea	Sable sets a cup of tea within reach. ‘Tea. I'll give it a minute before asking it anything difficult.’
bar_opening	handled	conversation:order-drink	can I have a coffee please	Sable sets a cup of coffee within reach. ‘Coffee. Smells more awake than either of us.’
bar_opening	handled	conversation:order-drink	another coffee	Sable sets a cup of coffee within reach. ‘Coffee. Smells more awake than either of us.’
bar_opening	rejected	language-verb:same (handler detail not recorded)	same again	I couldn't place that action. Nothing changed. HELP gives examples; name the person or object when returning t
bar_opening	handled	conversation:order-drink	I'll have a water	Sable sets a glass of water within reach. ‘Water. No garnish trying to escape into your nose.’
bar_opening	clarified	action:unknown-object	give me water	I couldn't identify a supported object for that action. Name the menu or a visible evidence item; no object ha
bar_opening	rejected	language-verb:one (handler detail not recorded)	one coffee	I couldn't place that action. Nothing changed. HELP gives examples; name the person or object when returning t
bar_opening	handled	conversation:order-drink	coffee please	Sable sets a cup of coffee within reach. ‘Coffee. Smells more awake than either of us.’
bar_opening	rejected	language-verb:a (handler detail not recorded)	a cup of tea	I couldn't place that action. Nothing changed. HELP gives examples; name the person or object when returning t
bar_opening	rejected	language-verb:what (handler detail not recorded)	what do you have	I couldn't place that action. Nothing changed. HELP gives examples; name the person or object when returning t
bar_opening	rejected	language-verb:what's (handler detail not recorded)	what's good	I couldn't place that action. Nothing changed. HELP gives examples; name the person or object when returning t
bar_opening	rejected	language-verb:what (handler detail not recorded)	what do you recommend	I couldn't place that action. Nothing changed. HELP gives examples; name the person or object when returning t
bar_opening	handled	conversation:menu	can I see the menu	The menu: tea, coffee and water. Minor Administrative Disappointment is citrus cordial and soda, alcohol-free 
bar_opening	handled	conversation:menu	menu	The menu: tea, coffee and water. Minor Administrative Disappointment is citrus cordial and soda, alcohol-free 
bar_opening	handled	conversation:plans	hi	Sable: ‘Twelve lids, no jars. I've asked the supplier to send the missing jars rather than another apology. Th
bar_opening	handled	conversation:plans	hello sable	Sable: ‘Twelve lids, no jars. I've asked the supplier to send the missing jars rather than another apology. Th
bar_opening	handled	conversation:plans	hey	Sable: ‘Twelve lids, no jars. I've asked the supplier to send the missing jars rather than another apology. Th
bar_opening	handled	conversation:supplier	how's it going	Sable: ‘Twelve lids, no jars. I've asked the supplier to send the missing jars rather than another apology. Th
bar_opening	handled	conversation:plans	how are you	Sable: ‘Twelve lids, no jars. I've asked the supplier to send the missing jars rather than another apology. Th
bar_opening	rejected	language-verb:what's (handler detail not recorded)	what's new	I couldn't place that action. Nothing changed. HELP gives examples; name the person or object when returning t
bar_opening	rejected	language-verb:what's (handler detail not recorded)	what's up	I couldn't place that action. Nothing changed. HELP gives examples; name the person or object when returning t
bar_opening	handled	conversation:plans	how's your night	Sable: ‘Twelve lids, no jars. I've asked the supplier to send the missing jars rather than another apology. Th
bar_opening	rejected	language-verb:tell (handler detail not recorded)	tell me about yourself	I couldn't place that action. Nothing changed. HELP gives examples; name the person or object when returning t
bar_opening	rejected	language-verb:who (handler detail not recorded)	who are you	I couldn't place that action. Nothing changed. HELP gives examples; name the person or object when returning t
bar_opening	rejected	language-verb:what (handler detail not recorded)	what do you do	I couldn't place that action. Nothing changed. HELP gives examples; name the person or object when returning t
bar_opening	rejected	language-verb:show (handler detail not recorded)	how long have you worked here	I couldn't place that action. Nothing changed. HELP gives examples; name the person or object when returning t
bar_opening	rejected	language-verb:do (handler detail not recorded)	do you like it here	I couldn't place that action. Nothing changed. HELP gives examples; name the person or object when returning t
bar_opening	rejected	language-verb:do (handler detail not recorded)	do you like working here	I couldn't place that action. Nothing changed. HELP gives examples; name the person or object when returning t
bar_opening	handled	conversation:party	what's the octopus for	‘The octopus is decoration,’ Sable says. ‘At least until someone gives it a name and starts taking its opinion
bar_opening	handled	conversation:party	tell me about the prom	‘Next themed evening: Deep Sea Prom. I have borrowed a smoke machine and underestimated the dignity of a rubbe
bar_opening	handled	conversation:supplier	tell me about the supplier	Sable: ‘Twelve lids, no jars. I've asked the supplier to send the missing jars rather than another apology. Th
bar_opening	rejected	language-verb:what's (handler detail not recorded)	what's wrong	I couldn't place that action. Nothing changed. HELP gives examples; name the person or object when returning t
bar_opening	rejected	language-verb:you (handler detail not recorded)	you seem tired	I couldn't place that action. Nothing changed. HELP gives examples; name the person or object when returning t
bar_opening	rejected	language-verb:you (handler detail not recorded)	you ok?	I couldn't place that action. Nothing changed. HELP gives examples; name the person or object when returning t
bar_opening	rejected	language-verb:are (handler detail not recorded)	are you alright	I couldn't place that action. Nothing changed. HELP gives examples; name the person or object when returning t
bar_opening	rejected	language-verb:nice (handler detail not recorded)	nice place	I couldn't place that action. Nothing changed. HELP gives examples; name the person or object when returning t
bar_opening	rejected	language-verb:inventory (handler detail not recorded)	I like it here	I couldn't place that action. Nothing changed. HELP gives examples; name the person or object when returning t
bar_opening	handled	conversation:plans	busy night?	Sable: ‘Twelve lids, no jars. I've asked the supplier to send the missing jars rather than another apology. Th
bar_opening	handled	conversation:supplier	what's the story with the lids	Sable: ‘Twelve lids, no jars. I've asked the supplier to send the missing jars rather than another apology. Th
bar_opening	handled	conversation:supplier	who is the supplier	Sable: ‘Twelve lids, no jars. I've asked the supplier to send the missing jars rather than another apology. Th
bar_opening	rejected	language-verb:what's (handler detail not recorded)	what's the special	I couldn't place that action. Nothing changed. HELP gives examples; name the person or object when returning t
bar_opening	handled	conversation:party	tell me about the deep sea prom	‘Next themed evening: Deep Sea Prom. I have borrowed a smoke machine and underestimated the dignity of a rubbe
bar_opening	handled	conversation:party	when's the prom	Sable: ‘Deep Sea Prom still needs snacks and someone to keep the smoke machine under control. The octopus can 
bar_opening	clarified	conversation:opinion-clarify	can I come to the prom	What do you mean about party?
bar_opening	rejected	language-verb:what's (handler detail not recorded)	what's this place called	I couldn't place that action. Nothing changed. HELP gives examples; name the person or object when returning t
bar_opening	rejected	language-verb:show (handler detail not recorded)	how long has the bar been here	I couldn't place that action. Nothing changed. HELP gives examples; name the person or object when returning t
bar_opening	rejected	language-verb:do (handler detail not recorded)	do you own the bar	I couldn't place that action. Nothing changed. HELP gives examples; name the person or object when returning t
bar_opening	rejected	language-verb:who (handler detail not recorded)	who owns this place	I couldn't place that action. Nothing changed. HELP gives examples; name the person or object when returning t
bar_opening	rejected	language-verb:what's (handler detail not recorded)	what's next door	I couldn't place that action. Nothing changed. HELP gives examples; name the person or object when returning t
bar_opening	rejected	language-verb:what's (handler detail not recorded)	what's in the shop	I couldn't place that action. Nothing changed. HELP gives examples; name the person or object when returning t
bar_opening	rejected	language-verb:who (handler detail not recorded)	who runs the shop	I couldn't place that action. Nothing changed. HELP gives examples; name the person or object when returning t
bar_opening	rejected	language-verb:who (handler detail not recorded)	who is vesper	I couldn't place that action. Nothing changed. HELP gives examples; name the person or object when returning t
bar_opening	clarified	conversation:unsupported	tell me about vesper	Trial limitation: there is no response for that request yet. You can ask about something Vesper has mentioned.
bar_opening	rejected	language-verb:do (handler detail not recorded)	do you know vesper	I couldn't place that action. Nothing changed. HELP gives examples; name the person or object when returning t
bar_opening	rejected	language-verb:what's (handler detail not recorded)	what's beyond the curtain	I couldn't place that action. Nothing changed. HELP gives examples; name the person or object when returning t
bar_opening	rejected	language-verb:what's (handler detail not recorded)	what's in the booth	I couldn't place that action. Nothing changed. HELP gives examples; name the person or object when returning t
bar_opening	rejected	language-verb:can (handler detail not recorded)	can we talk somewhere quiet	I couldn't place that action. Nothing changed. HELP gives examples; name the person or object when returning t
bar_opening	handled	language-verb:can (handler detail not recorded)	can we talk privately	Sable agrees to a few quiet minutes and joins you in the booth. | The quiet booth has a low table and a lamp t
bar_opening	rejected	language-verb:smell (handler detail not recorded)	smells good	I couldn't place that action. Nothing changed. HELP gives examples; name the person or object when returning t
bar_opening	rejected	language-verb:that's (handler detail not recorded)	that's funny	I couldn't place that action. Nothing changed. HELP gives examples; name the person or object when returning t
bar_opening	rejected	language-verb:lol (handler detail not recorded)	lol	I couldn't place that action. Nothing changed. HELP gives examples; name the person or object when returning t
bar_opening	rejected	language-verb:ha (handler detail not recorded)	ha	I couldn't place that action. Nothing changed. HELP gives examples; name the person or object when returning t
bar_opening	rejected	language-verb:nice (handler detail not recorded)	nice	I couldn't place that action. Nothing changed. HELP gives examples; name the person or object when returning t
bar_opening	rejected	language-verb:good (handler detail not recorded)	good one	I couldn't place that action. Nothing changed. HELP gives examples; name the person or object when returning t
bar_opening	rejected	language-verb:sorry (handler detail not recorded)	sorry	I couldn't place that action. Nothing changed. HELP gives examples; name the person or object when returning t
bar_opening	rejected	language-verb:i'm (handler detail not recorded)	I'm tired	I couldn't place that action. Nothing changed. HELP gives examples; name the person or object when returning t
bar_opening	handled	conversation:thanks	thanks	Sable smiles. ‘You're welcome.’
bar_opening	handled	conversation:thanks	thank you	Sable smiles. ‘You're welcome.’
bar_opening	handled	conversation:thanks	thanks sable	Sable smiles. ‘You're welcome.’
bar_opening	handled	conversation:thanks	cheers	Sable smiles. ‘You're welcome.’
bar_opening	handled	conversation:goodbye	bye	‘Get home all right,’ Sable says. ‘It was good to see you.’
bar_opening	handled	conversation:goodbye	goodbye	‘Get home all right,’ Sable says. ‘It was good to see you.’
bar_opening	handled	conversation:goodbye	see you	‘Get home all right,’ Sable says. ‘It was good to see you.’
bar_opening	handled	conversation:goodbye	goodnight	‘Get home all right,’ Sable says. ‘It was good to see you.’
bar_opening	handled	conversation:goodbye	good night sable	‘Get home all right,’ Sable says. ‘It was good to see you.’
bar_opening	clarified	action:unknown-object	take care	I couldn't identify a supported object for that action. Name the menu or a visible evidence item; no object ha
bar_opening	rejected	language-verb:you're (handler detail not recorded)	you're funny	I couldn't place that action. Nothing changed. HELP gives examples; name the person or object when returning t
bar_opening	rejected	language-verb:inventory (handler detail not recorded)	I like you	I couldn't place that action. Nothing changed. HELP gives examples; name the person or object when returning t
bar_opening	rejected	language-verb:you're (handler detail not recorded)	you're good at this	I couldn't place that action. Nothing changed. HELP gives examples; name the person or object when returning t
bar_opening	rejected	language-verb:that (handler detail not recorded)	that was good	I couldn't place that action. Nothing changed. HELP gives examples; name the person or object when returning t
bar_opening	rejected	language-verb:great (handler detail not recorded)	great coffee	I couldn't place that action. Nothing changed. HELP gives examples; name the person or object when returning t
bar_opening	rejected	language-verb:this (handler detail not recorded)	this is nice	I couldn't place that action. Nothing changed. HELP gives examples; name the person or object when returning t
bar_opening	rejected	language-verb:i'm (handler detail not recorded)	I'm glad I came	I couldn't place that action. Nothing changed. HELP gives examples; name the person or object when returning t
bar_opening	rejected	language-verb:inventory (handler detail not recorded)	I missed you	I couldn't place that action. Nothing changed. HELP gives examples; name the person or object when returning t
bar_opening	rejected	language-verb:show (handler detail not recorded)	how was your day	I couldn't place that action. Nothing changed. HELP gives examples; name the person or object when returning t
bar_opening	handled	language-verb:go (handler detail not recorded)	go to shop	You go to Secondhand shop. | Vesper is sorting a photographer's clearance lot. The photograph and provenance l
bar_opening	clarified	action:unknown-object	shop	I couldn't identify a supported object for that action. Name the menu or a visible evidence item; no object ha
bar_opening	rejected	language-verb:text (handler detail not recorded)	next door	I couldn't place that action. Nothing changed. HELP gives examples; name the person or object when returning t
bar_opening	rejected	language-verb:go (handler detail not recorded)	go next door	You can go to the bar, shop, booth or home.
bar_opening	handled	language-verb:leave (handler detail not recorded)	leave	You go to The Velvet Corner.
bar_opening	handled	language-verb:go (handler detail not recorded)	go outside	You go to The Velvet Corner.
bar_opening	handled	language-verb:go (handler detail not recorded)	go home	You go to Your apartment. | Your apartment. The kettle has no theories. You can return to the bar or shop, or 
bar_opening	handled	language-verb:go (handler detail not recorded)	home	You go to Your apartment. | Your apartment. The kettle has no theories. You can return to the bar or shop, or 
bar_opening	handled	language-verb:go (handler detail not recorded)	go to booth	You go to The quiet booth. | The quiet booth has a low table and a shaded lamp. It is empty. Ask Sable at the 
bar_opening	rejected	language-verb:booth (handler detail not recorded)	booth	I couldn't place that action. Nothing changed. HELP gives examples; name the person or object when returning t
bar_opening	rejected	language-verb:curtain (handler detail not recorded)	curtain	I couldn't place that action. Nothing changed. HELP gives examples; name the person or object when returning t
bar_opening	handled	language-verb:enter (handler detail not recorded)	enter booth	You go to The quiet booth. | The quiet booth has a low table and a shaded lamp. It is empty. Ask Sable at the 
bar_opening	rejected	language-verb:sit (handler detail not recorded)	sit in booth	I couldn't place that action. Nothing changed. HELP gives examples; name the person or object when returning t
bar_opening	handled	language-verb:go (handler detail not recorded)	go to the quiet booth	You go to The quiet booth. | The quiet booth has a low table and a shaded lamp. It is empty. Ask Sable at the 
bar_opening	handled	language-verb:go (handler detail not recorded)	walk to the shop	You go to Secondhand shop. | Vesper is sorting a photographer's clearance lot. The photograph and provenance l
bar_opening	rejected	language-verb:visit (handler detail not recorded)	visit vesper	I couldn't place that action. Nothing changed. HELP gives examples; name the person or object when returning t
bar_opening	rejected	language-verb:go (handler detail not recorded)	go see vesper	You can go to the bar, shop, booth or home.
bar_opening	handled	language-verb:go (handler detail not recorded)	head home	You go to Your apartment. | Your apartment. The kettle has no theories. You can return to the bar or shop, or 
bar_opening	rejected	language-verb:go (handler detail not recorded)	go back	You can go to the bar, shop, booth or home.
bar_opening	rejected	language-verb:leave (handler detail not recorded)	exit	I couldn't place that action. Nothing changed. HELP gives examples; name the person or object when returning t
bar_opening	clarified	action:unknown-object	out	I couldn't identify a supported object for that action. Name the menu or a visible evidence item; no object ha
bar_opening	rejected	language-verb:go (handler detail not recorded)	n	I couldn't place that action. Nothing changed. HELP gives examples; name the person or object when returning t
bar_opening	rejected	language-verb:go (handler detail not recorded)	north	I couldn't place that action. Nothing changed. HELP gives examples; name the person or object when returning t
bar_opening	handled	help:controls	help	Type a short action or a reply in your own words. LOOK describes your surroundings; INVENTORY shows belongings
bar_opening	handled	help:spoilers	hint	Optional puzzle guidance — contains spoilers: | Try TALK TO SABLE, ASK SABLE ABOUT THEIR MEMORIES, ORDER TEA, 
bar_opening	handled	language-verb:journal (handler detail not recorded)	journal	Your notes — observations, accounts and uncertainties:
bar_opening	handled	think:private	think	Private: Three weeks here. The bar has started to have familiar sounds: glass on wood, the fridge catching, Sa
bar_opening	rejected	language-verb:save (handler detail not recorded)	save	I couldn't place that action. Nothing changed. HELP gives examples; name the person or object when returning t
bar_opening	rejected	language-verb:quit (handler detail not recorded)	quit	I couldn't place that action. Nothing changed. HELP gives examples; name the person or object when returning t
bar_opening	handled	language-verb:look (handler detail not recorded)	look	The Velvet Corner: warm light on a worn wooden counter, shelves of mismatched glasses and a soft bass line fro
bar_opening	clarified	action:unknown-object	l	I couldn't identify a supported object for that action. Name the menu or a visible evidence item; no object ha
bar_opening	rejected	language-verb:lok (handler detail not recorded)	lok	I couldn't place that action. Nothing changed. HELP gives examples; name the person or object when returning t
bar_opening	clarified	conversation:missing-topic	tlak to sable	Which subject do you mean? Name what you want to ask Sable about. Your previous question or offer is still ope
bar_opening	rejected	language-verb:coffe (handler detail not recorded)	coffe please	I couldn't place that action. Nothing changed. HELP gives examples; name the person or object when returning t
bar_opening	rejected	language-verb:watre (handler detail not recorded)	watre	I couldn't place that action. Nothing changed. HELP gives examples; name the person or object when returning t
bar_opening	rejected	language-verb:help (handler detail not recorded)	helo	I couldn't place that action. Nothing changed. HELP gives examples; name the person or object when returning t
bar_opening	handled	conversation:plans	hi sabel	Sable: ‘Twelve lids, no jars. I've asked the supplier to send the missing jars rather than another apology. Th
bar_after_coffee	clarified	interaction:clarify	no	Did you want another drink, or were you answering something from earlier?
bar_after_coffee	clarified	interaction:clarify	yes	Did you want another drink, or were you answering something from earlier?
bar_after_coffee	handled	conversation:opinion	no it doesn't sound threatening	Sable lets their shoulders drop. ‘Good. If it doesn't sound threatening, I can send it as it is. I only want t
bar_after_coffee	rejected	language-verb:a (handler detail not recorded)	a little	I couldn't place that action. Nothing changed. HELP gives examples; name the person or object when returning t
bar_after_coffee	rejected	language-verb:sounds (handler detail not recorded)	sounds fine to me	I couldn't place that action. Nothing changed. HELP gives examples; name the person or object when returning t
bar_after_coffee	rejected	language-verb:it (handler detail not recorded)	it sounds fine	I couldn't place that action. Nothing changed. HELP gives examples; name the person or object when returning t
bar_after_coffee	rejected	language-verb:not (handler detail not recorded)	not really	No action taken. Say what you want to do when you've decided.
bar_after_coffee	rejected	language-verb:maybe (handler detail not recorded)	maybe	No action taken. Say what you want to do when you've decided.
bar_after_coffee	rejected	language-verb:inventory (handler detail not recorded)	I think it's fine	I couldn't place that action. Nothing changed. HELP gives examples; name the person or object when returning t
bar_after_coffee	rejected	language-verb:it's (handler detail not recorded)	it's a bit much	I couldn't place that action. Nothing changed. HELP gives examples; name the person or object when returning t
bar_after_coffee	clarified	action:unknown-object	examine pencil	I couldn't identify a supported object for that action. Name the menu or a visible evidence item; no object ha
bar_after_coffee	clarified	action:unknown-object	look at the pencil	I couldn't identify a supported object for that action. Name the menu or a visible evidence item; no object ha
bar_after_coffee	rejected	language-verb:tell (handler detail not recorded)	tell me about the pencil	I couldn't place that action. Nothing changed. HELP gives examples; name the person or object when returning t
bar_after_coffee	clarified	action:unknown-object	x counter	I couldn't identify a supported object for that action. Name the menu or a visible evidence item; no object ha
bar_after_coffee	handled	object:examine	look at the counter	A worn wooden serving counter. You can set a held object on it.
bar_after_coffee	clarified	action:unknown-object	look at the glasses	I couldn't identify a supported object for that action. Name the menu or a visible evidence item; no object ha
bar_after_coffee	clarified	action:unknown-object	look at the shelves	I couldn't identify a supported object for that action. Name the menu or a visible evidence item; no object ha
bar_after_coffee	clarified	action:unknown-object	look at the speakers	I couldn't identify a supported object for that action. Name the menu or a visible evidence item; no object ha
bar_after_coffee	rejected	language-verb:search (handler detail not recorded)	look behind the curtain	I couldn't place that action. Nothing changed. HELP gives examples; name the person or object when returning t
bar_after_coffee	clarified	action:unknown-object	examine curtain	I couldn't identify a supported object for that action. Name the menu or a visible evidence item; no object ha
bar_after_coffee	rejected	language-verb:go (handler detail not recorded)	go through the curtain	You can go to the bar, shop, booth or home.
bar_after_coffee	rejected	language-verb:search (handler detail not recorded)	look under the counter	I couldn't place that action. Nothing changed. HELP gives examples; name the person or object when returning t
bar_after_coffee	clarified	action:unknown-object	look at the lids	I couldn't identify a supported object for that action. Name the menu or a visible evidence item; no object ha
bar_after_coffee	clarified	action:unknown-object	examine the box	I couldn't identify a supported object for that action. Name the menu or a visible evidence item; no object ha
bar_after_coffee	clarified	action:unknown-object	look at the box of lids	I couldn't identify a supported object for that action. Name the menu or a visible evidence item; no object ha
bar_after_coffee	clarified	action:unknown-object	look at sable	I couldn't identify a supported object for that action. Name the menu or a visible evidence item; no object ha
bar_after_coffee	clarified	action:unknown-object	examine sable	I couldn't identify a supported object for that action. Name the menu or a visible evidence item; no object ha
bar_after_coffee	clarified	action:unknown-object	x sable	I couldn't identify a supported object for that action. Name the menu or a visible evidence item; no object ha
bar_after_coffee	clarified	action:unknown-object	look at the bass line	I couldn't identify a supported object for that action. Name the menu or a visible evidence item; no object ha
bar_after_coffee	clarified	conversation:drink-ambiguity	listen	Do you mean the drink, or something Sable said earlier? Name the topic so they can answer you.
bar_after_coffee	clarified	conversation:opinion-clarify	listen to the music	What do you mean about music?
bar_after_coffee	rejected	language-verb:smell (handler detail not recorded)	smell	I couldn't place that action. Nothing changed. HELP gives examples; name the person or object when returning t
bar_after_coffee	rejected	language-verb:smell (handler detail not recorded)	smell the coffee	I couldn't place that action. Nothing changed. HELP gives examples; name the person or object when returning t
bar_after_coffee	rejected	language-verb:touch (handler detail not recorded)	touch the counter	I couldn't place that action. Nothing changed. HELP gives examples; name the person or object when returning t
bar_after_coffee	rejected	language-verb:sit (handler detail not recorded)	sit down	I couldn't place that action. Nothing changed. HELP gives examples; name the person or object when returning t
bar_after_coffee	rejected	language-verb:sit (handler detail not recorded)	sit at the counter	I couldn't place that action. Nothing changed. HELP gives examples; name the person or object when returning t
bar_after_coffee	rejected	language-verb:stand (handler detail not recorded)	stand up	I couldn't place that action. Nothing changed. HELP gives examples; name the person or object when returning t
bar_after_coffee	handled	object:examine	read menu	The menu: tea, coffee and water. Minor Administrative Disappointment is citrus cordial and soda, alcohol-free 
bar_after_coffee	handled	object:examine	read the menu	The menu: tea, coffee and water. Minor Administrative Disappointment is citrus cordial and soda, alcohol-free 
bar_after_coffee	handled	inspect:menu	x menu	The menu: tea, coffee and water. Minor Administrative Disappointment is citrus cordial and soda, alcohol-free 
bar_after_coffee	rejected	language-verb:inventory (handler detail not recorded)	i	I couldn't place that action. Nothing changed. HELP gives examples; name the person or object when returning t
bar_after_coffee	handled	language-verb:inventory (handler detail not recorded)	inventory	satchel (open) | Contents of closed bags are carried but must be opened before inspection or showing.
bar_after_coffee	handled	language-verb:wait (handler detail not recorded)	wait	You wait 10 minutes.
bar_after_coffee	rejected	language-verb:wait (handler detail not recorded)	z	Wait between one minute and one day, or rest until tomorrow at home.
bar_after_coffee	rejected	language-verb:gin (handler detail not recorded)	gin	I couldn't place that action. Nothing changed. HELP gives examples; name the person or object when returning t
bar_after_coffee	rejected	language-verb:ask (handler detail not recorded)	ask for gin	I couldn't place that action. Nothing changed. HELP gives examples; name the person or object when returning t
bar_after_coffee	rejected	language-verb:a (handler detail not recorded)	a gin please	I couldn't place that action. Nothing changed. HELP gives examples; name the person or object when returning t
bar_after_coffee	rejected	language-verb:the (handler detail not recorded)	the special with gin	I couldn't place that action. Nothing changed. HELP gives examples; name the person or object when returning t
bar_after_coffee	handled	conversation:order-drink	order the special	Sable sets a glass of alcohol-free special within reach. ‘Minor Administrative Disappointment: citrus cordial 
bar_after_coffee	handled	conversation:order-drink	order coffee	Sable sets a glass of coffee within reach.
bar_after_coffee	handled	conversation:order-drink	tea please	Sable sets a glass of tea within reach. ‘Tea. I'll give it a minute before asking it anything difficult.’
bar_after_coffee	handled	conversation:order-drink	can I get a tea	Sable sets a glass of tea within reach. ‘Tea. I'll give it a minute before asking it anything difficult.’
bar_after_coffee	handled	conversation:order-drink	can I have a coffee please	Sable sets a glass of coffee within reach.
bar_after_coffee	clarified	service:new-or-refill	another coffee	Would you like a fresh coffee in a clean cup or glass, or a refill of your cup?
bar_after_coffee	rejected	language-verb:same (handler detail not recorded)	same again	I couldn't place that action. Nothing changed. HELP gives examples; name the person or object when returning t
bar_after_coffee	handled	conversation:order-drink	I'll have a water	Sable sets a glass of water within reach. ‘Water. No garnish trying to escape into your nose.’
bar_after_coffee	clarified	action:unknown-object	give me water	I couldn't identify a supported object for that action. Name the menu or a visible evidence item; no object ha
bar_after_coffee	rejected	language-verb:one (handler detail not recorded)	one coffee	I couldn't place that action. Nothing changed. HELP gives examples; name the person or object when returning t
bar_after_coffee	handled	conversation:order-drink	coffee please	Sable sets a glass of coffee within reach.
bar_after_coffee	rejected	language-verb:a (handler detail not recorded)	a cup of tea	I couldn't place that action. Nothing changed. HELP gives examples; name the person or object when returning t
bar_after_coffee	rejected	language-verb:what (handler detail not recorded)	what do you have	I couldn't place that action. Nothing changed. HELP gives examples; name the person or object when returning t
bar_after_coffee	rejected	language-verb:what's (handler detail not recorded)	what's good	I couldn't place that action. Nothing changed. HELP gives examples; name the person or object when returning t
bar_after_coffee	rejected	language-verb:what (handler detail not recorded)	what do you recommend	I couldn't place that action. Nothing changed. HELP gives examples; name the person or object when returning t
bar_after_coffee	handled	conversation:menu	can I see the menu	The menu: tea, coffee and water. Minor Administrative Disappointment is citrus cordial and soda, alcohol-free 
bar_after_coffee	handled	conversation:menu	menu	The menu: tea, coffee and water. Minor Administrative Disappointment is citrus cordial and soda, alcohol-free 
bar_after_coffee	handled	conversation:plans	hi	Sable: ‘Twelve lids, no jars. I've asked the supplier to send the missing jars rather than another apology. Th
bar_after_coffee	handled	conversation:plans	hello sable	Sable: ‘Twelve lids, no jars. I've asked the supplier to send the missing jars rather than another apology. Th
bar_after_coffee	handled	conversation:plans	hey	Sable: ‘Twelve lids, no jars. I've asked the supplier to send the missing jars rather than another apology. Th
bar_after_coffee	handled	conversation:menu	how's it going	The menu: tea, coffee and water. Minor Administrative Disappointment is citrus cordial and soda, alcohol-free 
bar_after_coffee	handled	conversation:plans	how are you	Sable: ‘Twelve lids, no jars. I've asked the supplier to send the missing jars rather than another apology. Th
bar_after_coffee	rejected	language-verb:what's (handler detail not recorded)	what's new	I couldn't place that action. Nothing changed. HELP gives examples; name the person or object when returning t
bar_after_coffee	rejected	language-verb:what's (handler detail not recorded)	what's up	I couldn't place that action. Nothing changed. HELP gives examples; name the person or object when returning t
bar_after_coffee	handled	conversation:plans	how's your night	Sable: ‘Twelve lids, no jars. I've asked the supplier to send the missing jars rather than another apology. Th
bar_after_coffee	rejected	language-verb:tell (handler detail not recorded)	tell me about yourself	I couldn't place that action. Nothing changed. HELP gives examples; name the person or object when returning t
bar_after_coffee	rejected	language-verb:who (handler detail not recorded)	who are you	I couldn't place that action. Nothing changed. HELP gives examples; name the person or object when returning t
bar_after_coffee	rejected	language-verb:what (handler detail not recorded)	what do you do	I couldn't place that action. Nothing changed. HELP gives examples; name the person or object when returning t
bar_after_coffee	rejected	language-verb:show (handler detail not recorded)	how long have you worked here	I couldn't place that action. Nothing changed. HELP gives examples; name the person or object when returning t
bar_after_coffee	rejected	language-verb:do (handler detail not recorded)	do you like it here	I couldn't place that action. Nothing changed. HELP gives examples; name the person or object when returning t
bar_after_coffee	rejected	language-verb:do (handler detail not recorded)	do you like working here	I couldn't place that action. Nothing changed. HELP gives examples; name the person or object when returning t
bar_after_coffee	handled	conversation:party	what's the octopus for	‘The octopus is decoration,’ Sable says. ‘At least until someone gives it a name and starts taking its opinion
bar_after_coffee	handled	conversation:party	tell me about the prom	‘Next themed evening: Deep Sea Prom. I have borrowed a smoke machine and underestimated the dignity of a rubbe
bar_after_coffee	handled	conversation:supplier	tell me about the supplier	Sable: ‘Twelve lids, no jars. I've asked the supplier to send the missing jars rather than another apology. Th
bar_after_coffee	rejected	language-verb:what's (handler detail not recorded)	what's wrong	I couldn't place that action. Nothing changed. HELP gives examples; name the person or object when returning t
bar_after_coffee	rejected	language-verb:you (handler detail not recorded)	you seem tired	I couldn't place that action. Nothing changed. HELP gives examples; name the person or object when returning t
bar_after_coffee	rejected	language-verb:you (handler detail not recorded)	you ok?	I couldn't place that action. Nothing changed. HELP gives examples; name the person or object when returning t
bar_after_coffee	rejected	language-verb:are (handler detail not recorded)	are you alright	I couldn't place that action. Nothing changed. HELP gives examples; name the person or object when returning t
bar_after_coffee	rejected	language-verb:nice (handler detail not recorded)	nice place	I couldn't place that action. Nothing changed. HELP gives examples; name the person or object when returning t
bar_after_coffee	rejected	language-verb:inventory (handler detail not recorded)	I like it here	I couldn't place that action. Nothing changed. HELP gives examples; name the person or object when returning t
bar_after_coffee	handled	conversation:plans	busy night?	Sable: ‘Twelve lids, no jars. I've asked the supplier to send the missing jars rather than another apology. Th
bar_after_coffee	handled	conversation:supplier	what's the story with the lids	Sable: ‘Twelve lids, no jars. I've asked the supplier to send the missing jars rather than another apology. Th
bar_after_coffee	handled	conversation:supplier	who is the supplier	Sable: ‘Twelve lids, no jars. I've asked the supplier to send the missing jars rather than another apology. Th
bar_after_coffee	rejected	language-verb:what's (handler detail not recorded)	what's the special	I couldn't place that action. Nothing changed. HELP gives examples; name the person or object when returning t
bar_after_coffee	handled	conversation:party	tell me about the deep sea prom	‘Next themed evening: Deep Sea Prom. I have borrowed a smoke machine and underestimated the dignity of a rubbe
bar_after_coffee	handled	conversation:party	when's the prom	Sable: ‘Deep Sea Prom still needs snacks and someone to keep the smoke machine under control. The octopus can 
bar_after_coffee	clarified	conversation:opinion-clarify	can I come to the prom	What do you mean about party?
bar_after_coffee	rejected	language-verb:what's (handler detail not recorded)	what's this place called	I couldn't place that action. Nothing changed. HELP gives examples; name the person or object when returning t
bar_after_coffee	rejected	language-verb:show (handler detail not recorded)	how long has the bar been here	I couldn't place that action. Nothing changed. HELP gives examples; name the person or object when returning t
bar_after_coffee	rejected	language-verb:do (handler detail not recorded)	do you own the bar	I couldn't place that action. Nothing changed. HELP gives examples; name the person or object when returning t
bar_after_coffee	rejected	language-verb:who (handler detail not recorded)	who owns this place	I couldn't place that action. Nothing changed. HELP gives examples; name the person or object when returning t
bar_after_coffee	rejected	language-verb:what's (handler detail not recorded)	what's next door	I couldn't place that action. Nothing changed. HELP gives examples; name the person or object when returning t
bar_after_coffee	rejected	language-verb:what's (handler detail not recorded)	what's in the shop	I couldn't place that action. Nothing changed. HELP gives examples; name the person or object when returning t
bar_after_coffee	rejected	language-verb:who (handler detail not recorded)	who runs the shop	I couldn't place that action. Nothing changed. HELP gives examples; name the person or object when returning t
bar_after_coffee	rejected	language-verb:who (handler detail not recorded)	who is vesper	I couldn't place that action. Nothing changed. HELP gives examples; name the person or object when returning t
bar_after_coffee	clarified	conversation:unsupported	tell me about vesper	Trial limitation: there is no response for that request yet. You can ask about something Vesper has mentioned.
bar_after_coffee	rejected	language-verb:do (handler detail not recorded)	do you know vesper	I couldn't place that action. Nothing changed. HELP gives examples; name the person or object when returning t
bar_after_coffee	rejected	language-verb:what's (handler detail not recorded)	what's beyond the curtain	I couldn't place that action. Nothing changed. HELP gives examples; name the person or object when returning t
bar_after_coffee	rejected	language-verb:what's (handler detail not recorded)	what's in the booth	I couldn't place that action. Nothing changed. HELP gives examples; name the person or object when returning t
bar_after_coffee	rejected	language-verb:can (handler detail not recorded)	can we talk somewhere quiet	I couldn't place that action. Nothing changed. HELP gives examples; name the person or object when returning t
bar_after_coffee	handled	language-verb:can (handler detail not recorded)	can we talk privately	Sable agrees to a few quiet minutes and joins you in the booth. | The quiet booth has a low table and a lamp t
bar_after_coffee	rejected	language-verb:smell (handler detail not recorded)	smells good	I couldn't place that action. Nothing changed. HELP gives examples; name the person or object when returning t
bar_after_coffee	rejected	language-verb:that's (handler detail not recorded)	that's funny	I couldn't place that action. Nothing changed. HELP gives examples; name the person or object when returning t
bar_after_coffee	rejected	language-verb:lol (handler detail not recorded)	lol	I couldn't place that action. Nothing changed. HELP gives examples; name the person or object when returning t
bar_after_coffee	rejected	language-verb:ha (handler detail not recorded)	ha	I couldn't place that action. Nothing changed. HELP gives examples; name the person or object when returning t
bar_after_coffee	rejected	language-verb:nice (handler detail not recorded)	nice	I couldn't place that action. Nothing changed. HELP gives examples; name the person or object when returning t
bar_after_coffee	rejected	language-verb:good (handler detail not recorded)	good one	I couldn't place that action. Nothing changed. HELP gives examples; name the person or object when returning t
bar_after_coffee	rejected	language-verb:sorry (handler detail not recorded)	sorry	I couldn't place that action. Nothing changed. HELP gives examples; name the person or object when returning t
bar_after_coffee	rejected	language-verb:i'm (handler detail not recorded)	I'm tired	I couldn't place that action. Nothing changed. HELP gives examples; name the person or object when returning t
bar_after_coffee	handled	conversation:thanks	thanks	Sable smiles. ‘You're welcome.’
bar_after_coffee	handled	conversation:thanks	thank you	Sable smiles. ‘You're welcome.’
bar_after_coffee	handled	conversation:thanks	thanks sable	Sable smiles. ‘You're welcome.’
bar_after_coffee	handled	conversation:thanks	cheers	Sable smiles. ‘You're welcome.’
bar_after_coffee	handled	conversation:goodbye	bye	‘Get home all right,’ Sable says. ‘It was good to see you.’
bar_after_coffee	handled	conversation:goodbye	goodbye	‘Get home all right,’ Sable says. ‘It was good to see you.’
bar_after_coffee	handled	conversation:goodbye	see you	‘Get home all right,’ Sable says. ‘It was good to see you.’
bar_after_coffee	handled	conversation:goodbye	goodnight	‘Get home all right,’ Sable says. ‘It was good to see you.’
bar_after_coffee	handled	conversation:goodbye	good night sable	‘Get home all right,’ Sable says. ‘It was good to see you.’
bar_after_coffee	clarified	action:unknown-object	take care	I couldn't identify a supported object for that action. Name the menu or a visible evidence item; no object ha
bar_after_coffee	rejected	language-verb:you're (handler detail not recorded)	you're funny	I couldn't place that action. Nothing changed. HELP gives examples; name the person or object when returning t
bar_after_coffee	rejected	language-verb:inventory (handler detail not recorded)	I like you	I couldn't place that action. Nothing changed. HELP gives examples; name the person or object when returning t
bar_after_coffee	rejected	language-verb:you're (handler detail not recorded)	you're good at this	I couldn't place that action. Nothing changed. HELP gives examples; name the person or object when returning t
bar_after_coffee	rejected	language-verb:that (handler detail not recorded)	that was good	I couldn't place that action. Nothing changed. HELP gives examples; name the person or object when returning t
bar_after_coffee	rejected	language-verb:great (handler detail not recorded)	great coffee	I couldn't place that action. Nothing changed. HELP gives examples; name the person or object when returning t
bar_after_coffee	rejected	language-verb:this (handler detail not recorded)	this is nice	I couldn't place that action. Nothing changed. HELP gives examples; name the person or object when returning t
bar_after_coffee	rejected	language-verb:i'm (handler detail not recorded)	I'm glad I came	I couldn't place that action. Nothing changed. HELP gives examples; name the person or object when returning t
bar_after_coffee	rejected	language-verb:inventory (handler detail not recorded)	I missed you	I couldn't place that action. Nothing changed. HELP gives examples; name the person or object when returning t
bar_after_coffee	rejected	language-verb:show (handler detail not recorded)	how was your day	I couldn't place that action. Nothing changed. HELP gives examples; name the person or object when returning t
bar_after_coffee	handled	language-verb:go (handler detail not recorded)	go to shop	You go to Secondhand shop. | Vesper is sorting a photographer's clearance lot. The photograph and provenance l
bar_after_coffee	clarified	action:unknown-object	shop	I couldn't identify a supported object for that action. Name the menu or a visible evidence item; no object ha
bar_after_coffee	rejected	language-verb:text (handler detail not recorded)	next door	I couldn't place that action. Nothing changed. HELP gives examples; name the person or object when returning t
bar_after_coffee	rejected	language-verb:go (handler detail not recorded)	go next door	You can go to the bar, shop, booth or home.
bar_after_coffee	handled	language-verb:leave (handler detail not recorded)	leave	You go to The Velvet Corner.
bar_after_coffee	handled	language-verb:go (handler detail not recorded)	go outside	You go to The Velvet Corner.
bar_after_coffee	handled	language-verb:go (handler detail not recorded)	go home	You go to Your apartment. | Your apartment. The kettle has no theories. You can return to the bar or shop, or 
bar_after_coffee	handled	language-verb:go (handler detail not recorded)	home	You go to Your apartment. | Your apartment. The kettle has no theories. You can return to the bar or shop, or 
bar_after_coffee	handled	language-verb:go (handler detail not recorded)	go to booth	You go to The quiet booth. | The quiet booth has a low table and a shaded lamp. It is empty. Ask Sable at the 
bar_after_coffee	rejected	language-verb:booth (handler detail not recorded)	booth	I couldn't place that action. Nothing changed. HELP gives examples; name the person or object when returning t
bar_after_coffee	rejected	language-verb:curtain (handler detail not recorded)	curtain	I couldn't place that action. Nothing changed. HELP gives examples; name the person or object when returning t
bar_after_coffee	handled	language-verb:enter (handler detail not recorded)	enter booth	You go to The quiet booth. | The quiet booth has a low table and a shaded lamp. It is empty. Ask Sable at the 
bar_after_coffee	rejected	language-verb:sit (handler detail not recorded)	sit in booth	I couldn't place that action. Nothing changed. HELP gives examples; name the person or object when returning t
bar_after_coffee	handled	language-verb:go (handler detail not recorded)	go to the quiet booth	You go to The quiet booth. | The quiet booth has a low table and a shaded lamp. It is empty. Ask Sable at the 
bar_after_coffee	handled	language-verb:go (handler detail not recorded)	walk to the shop	You go to Secondhand shop. | Vesper is sorting a photographer's clearance lot. The photograph and provenance l
bar_after_coffee	rejected	language-verb:visit (handler detail not recorded)	visit vesper	I couldn't place that action. Nothing changed. HELP gives examples; name the person or object when returning t
bar_after_coffee	rejected	language-verb:go (handler detail not recorded)	go see vesper	You can go to the bar, shop, booth or home.
bar_after_coffee	handled	language-verb:go (handler detail not recorded)	head home	You go to Your apartment. | Your apartment. The kettle has no theories. You can return to the bar or shop, or 
bar_after_coffee	rejected	language-verb:go (handler detail not recorded)	go back	You can go to the bar, shop, booth or home.
bar_after_coffee	rejected	language-verb:leave (handler detail not recorded)	exit	I couldn't place that action. Nothing changed. HELP gives examples; name the person or object when returning t
bar_after_coffee	clarified	action:unknown-object	out	I couldn't identify a supported object for that action. Name the menu or a visible evidence item; no object ha
bar_after_coffee	rejected	language-verb:go (handler detail not recorded)	n	I couldn't place that action. Nothing changed. HELP gives examples; name the person or object when returning t
bar_after_coffee	rejected	language-verb:go (handler detail not recorded)	north	I couldn't place that action. Nothing changed. HELP gives examples; name the person or object when returning t
bar_after_coffee	handled	help:controls	help	Type a short action or a reply in your own words. LOOK describes your surroundings; INVENTORY shows belongings
bar_after_coffee	handled	help:spoilers	hint	Optional puzzle guidance — contains spoilers: | Try TALK TO SABLE, ASK SABLE ABOUT THEIR MEMORIES, ORDER TEA, 
bar_after_coffee	handled	language-verb:journal (handler detail not recorded)	journal	Your notes — observations, accounts and uncertainties:
bar_after_coffee	handled	think:private	think	Private: Three weeks here. The bar has started to have familiar sounds: glass on wood, the fridge catching, Sa
bar_after_coffee	rejected	language-verb:save (handler detail not recorded)	save	I couldn't place that action. Nothing changed. HELP gives examples; name the person or object when returning t
bar_after_coffee	rejected	language-verb:quit (handler detail not recorded)	quit	I couldn't place that action. Nothing changed. HELP gives examples; name the person or object when returning t
bar_after_coffee	handled	language-verb:look (handler detail not recorded)	look	The Velvet Corner: warm light on a worn wooden counter, shelves of mismatched glasses and a soft bass line fro
bar_after_coffee	clarified	action:unknown-object	l	I couldn't identify a supported object for that action. Name the menu or a visible evidence item; no object ha
bar_after_coffee	rejected	language-verb:lok (handler detail not recorded)	lok	I couldn't place that action. Nothing changed. HELP gives examples; name the person or object when returning t
bar_after_coffee	clarified	conversation:missing-topic	tlak to sable	Which subject do you mean? Name what you want to ask Sable about. Your previous question or offer is still ope
bar_after_coffee	rejected	language-verb:coffe (handler detail not recorded)	coffe please	I couldn't place that action. Nothing changed. HELP gives examples; name the person or object when returning t
bar_after_coffee	rejected	language-verb:watre (handler detail not recorded)	watre	I couldn't place that action. Nothing changed. HELP gives examples; name the person or object when returning t
bar_after_coffee	rejected	language-verb:help (handler detail not recorded)	helo	I couldn't place that action. Nothing changed. HELP gives examples; name the person or object when returning t
bar_after_coffee	handled	conversation:plans	hi sabel	Sable: ‘Twelve lids, no jars. I've asked the supplier to send the missing jars rather than another apology. Th
shop	rejected	language-verb:no (handler detail not recorded)	no	Sable isn't here to hear that. A private thought or an unspoken reply doesn't reach them.
shop	rejected	language-verb:yes (handler detail not recorded)	yes	Sable isn't here to hear that. A private thought or an unspoken reply doesn't reach them.
shop	rejected	language-verb:no (handler detail not recorded)	no it doesn't sound threatening	No action taken. Say what you want to do when you've decided.
shop	rejected	language-verb:a (handler detail not recorded)	a little	I couldn't place that action. Nothing changed. HELP gives examples; name the person or object when returning t
shop	rejected	language-verb:sounds (handler detail not recorded)	sounds fine to me	I couldn't place that action. Nothing changed. HELP gives examples; name the person or object when returning t
shop	rejected	language-verb:it (handler detail not recorded)	it sounds fine	I couldn't place that action. Nothing changed. HELP gives examples; name the person or object when returning t
shop	rejected	language-verb:not (handler detail not recorded)	not really	No action taken. Say what you want to do when you've decided.
shop	rejected	language-verb:maybe (handler detail not recorded)	maybe	No action taken. Say what you want to do when you've decided.
shop	rejected	language-verb:inventory (handler detail not recorded)	I think it's fine	I couldn't place that action. Nothing changed. HELP gives examples; name the person or object when returning t
shop	rejected	language-verb:it's (handler detail not recorded)	it's a bit much	I couldn't place that action. Nothing changed. HELP gives examples; name the person or object when returning t
shop	clarified	action:unknown-object	examine pencil	I couldn't identify a supported object for that action. Name the menu or a visible evidence item; no object ha
shop	clarified	action:unknown-object	look at the pencil	I couldn't identify a supported object for that action. Name the menu or a visible evidence item; no object ha
shop	rejected	language-verb:tell (handler detail not recorded)	tell me about the pencil	I couldn't place that action. Nothing changed. HELP gives examples; name the person or object when returning t
shop	clarified	action:unknown-object	x counter	I couldn't identify a supported object for that action. Name the menu or a visible evidence item; no object ha
shop	rejected	interaction:blocked	look at the counter	That object is not accessible here. Open its container or return to its actual location.
shop	clarified	action:unknown-object	look at the glasses	I couldn't identify a supported object for that action. Name the menu or a visible evidence item; no object ha
shop	clarified	action:unknown-object	look at the shelves	I couldn't identify a supported object for that action. Name the menu or a visible evidence item; no object ha
shop	clarified	action:unknown-object	look at the speakers	I couldn't identify a supported object for that action. Name the menu or a visible evidence item; no object ha
shop	rejected	language-verb:search (handler detail not recorded)	look behind the curtain	I couldn't place that action. Nothing changed. HELP gives examples; name the person or object when returning t
shop	clarified	action:unknown-object	examine curtain	I couldn't identify a supported object for that action. Name the menu or a visible evidence item; no object ha
shop	rejected	language-verb:go (handler detail not recorded)	go through the curtain	You can go to the bar, shop, booth or home.
shop	rejected	language-verb:search (handler detail not recorded)	look under the counter	I couldn't place that action. Nothing changed. HELP gives examples; name the person or object when returning t
shop	clarified	action:unknown-object	look at the lids	I couldn't identify a supported object for that action. Name the menu or a visible evidence item; no object ha
shop	clarified	action:unknown-object	examine the box	I couldn't identify a supported object for that action. Name the menu or a visible evidence item; no object ha
shop	clarified	action:unknown-object	look at the box of lids	I couldn't identify a supported object for that action. Name the menu or a visible evidence item; no object ha
shop	clarified	action:unknown-object	look at sable	I couldn't identify a supported object for that action. Name the menu or a visible evidence item; no object ha
shop	clarified	action:unknown-object	examine sable	I couldn't identify a supported object for that action. Name the menu or a visible evidence item; no object ha
shop	clarified	action:unknown-object	x sable	I couldn't identify a supported object for that action. Name the menu or a visible evidence item; no object ha
shop	clarified	action:unknown-object	look at the bass line	I couldn't identify a supported object for that action. Name the menu or a visible evidence item; no object ha
shop	rejected	language-verb:listen (handler detail not recorded)	listen	Sable isn't here to hear that. A private thought or an unspoken reply doesn't reach them.
shop	clarified	conversation:absent	listen to the music	Sable isn't here to continue that conversation. They are at the bar during staffed evenings, except for their 
shop	rejected	language-verb:smell (handler detail not recorded)	smell	I couldn't place that action. Nothing changed. HELP gives examples; name the person or object when returning t
shop	rejected	language-verb:smell (handler detail not recorded)	smell the coffee	I couldn't place that action. Nothing changed. HELP gives examples; name the person or object when returning t
shop	rejected	language-verb:touch (handler detail not recorded)	touch the counter	I couldn't place that action. Nothing changed. HELP gives examples; name the person or object when returning t
shop	rejected	language-verb:sit (handler detail not recorded)	sit down	I couldn't place that action. Nothing changed. HELP gives examples; name the person or object when returning t
shop	rejected	language-verb:sit (handler detail not recorded)	sit at the counter	I couldn't place that action. Nothing changed. HELP gives examples; name the person or object when returning t
shop	rejected	language-verb:stand (handler detail not recorded)	stand up	I couldn't place that action. Nothing changed. HELP gives examples; name the person or object when returning t
shop	rejected	interaction:blocked	read menu	That object is not accessible here. Open its container or return to its actual location.
shop	rejected	interaction:blocked	read the menu	That object is not accessible here. Open its container or return to its actual location.
shop	rejected	language-verb:examine (handler detail not recorded)	x menu	The menu is at the Velvet Corner.
shop	rejected	language-verb:inventory (handler detail not recorded)	i	I couldn't place that action. Nothing changed. HELP gives examples; name the person or object when returning t
shop	handled	language-verb:inventory (handler detail not recorded)	inventory	satchel (open) | Contents of closed bags are carried but must be opened before inspection or showing.
shop	handled	language-verb:wait (handler detail not recorded)	wait	You wait 10 minutes.
shop	rejected	language-verb:wait (handler detail not recorded)	z	Wait between one minute and one day, or rest until tomorrow at home.
shop	rejected	language-verb:gin (handler detail not recorded)	gin	I couldn't place that action. Nothing changed. HELP gives examples; name the person or object when returning t
shop	rejected	language-verb:ask (handler detail not recorded)	ask for gin	I couldn't place that action. Nothing changed. HELP gives examples; name the person or object when returning t
shop	rejected	language-verb:a (handler detail not recorded)	a gin please	I couldn't place that action. Nothing changed. HELP gives examples; name the person or object when returning t
shop	rejected	language-verb:the (handler detail not recorded)	the special with gin	I couldn't place that action. Nothing changed. HELP gives examples; name the person or object when returning t
shop	rejected	interaction:blocked	order the special	Vesper does not offer drink service.
shop	rejected	interaction:blocked	order coffee	Vesper does not offer drink service.
shop	rejected	interaction:blocked	tea please	Vesper does not offer drink service.
shop	rejected	interaction:blocked	can I get a tea	Vesper does not offer drink service.
shop	rejected	interaction:blocked	can I have a coffee please	Vesper does not offer drink service.
shop	rejected	interaction:blocked	another coffee	Vesper does not offer drink service.
shop	rejected	language-verb:same (handler detail not recorded)	same again	I couldn't place that action. Nothing changed. HELP gives examples; name the person or object when returning t
shop	rejected	interaction:blocked	I'll have a water	Vesper does not offer drink service.
shop	clarified	action:unknown-object	give me water	I couldn't identify a supported object for that action. Name the menu or a visible evidence item; no object ha
shop	rejected	language-verb:one (handler detail not recorded)	one coffee	I couldn't place that action. Nothing changed. HELP gives examples; name the person or object when returning t
shop	rejected	interaction:blocked	coffee please	Vesper does not offer drink service.
shop	rejected	language-verb:a (handler detail not recorded)	a cup of tea	I couldn't place that action. Nothing changed. HELP gives examples; name the person or object when returning t
shop	rejected	language-verb:what (handler detail not recorded)	what do you have	I couldn't place that action. Nothing changed. HELP gives examples; name the person or object when returning t
shop	rejected	language-verb:what's (handler detail not recorded)	what's good	I couldn't place that action. Nothing changed. HELP gives examples; name the person or object when returning t
shop	rejected	language-verb:what (handler detail not recorded)	what do you recommend	I couldn't place that action. Nothing changed. HELP gives examples; name the person or object when returning t
shop	clarified	conversation:absent	can I see the menu	Sable isn't here to continue that conversation. They are at the bar during staffed evenings, except for their 
shop	clarified	conversation:absent	menu	Sable isn't here to continue that conversation. They are at the bar during staffed evenings, except for their 
shop	clarified	conversation:absent	hi	Sable isn't here to continue that conversation. They are at the bar during staffed evenings, except for their 
shop	clarified	conversation:absent	hello sable	Sable isn't here to continue that conversation. They are at the bar during staffed evenings, except for their 
shop	clarified	conversation:absent	hey	Sable isn't here to continue that conversation. They are at the bar during staffed evenings, except for their 
shop	clarified	conversation:absent	how's it going	Sable isn't here to continue that conversation. They are at the bar during staffed evenings, except for their 
shop	clarified	conversation:absent	how are you	Sable isn't here to continue that conversation. They are at the bar during staffed evenings, except for their 
shop	rejected	language-verb:what's (handler detail not recorded)	what's new	I couldn't place that action. Nothing changed. HELP gives examples; name the person or object when returning t
shop	rejected	language-verb:what's (handler detail not recorded)	what's up	I couldn't place that action. Nothing changed. HELP gives examples; name the person or object when returning t
shop	clarified	conversation:absent	how's your night	Sable isn't here to continue that conversation. They are at the bar during staffed evenings, except for their 
shop	rejected	language-verb:tell (handler detail not recorded)	tell me about yourself	I couldn't place that action. Nothing changed. HELP gives examples; name the person or object when returning t
shop	rejected	language-verb:who (handler detail not recorded)	who are you	I couldn't place that action. Nothing changed. HELP gives examples; name the person or object when returning t
shop	rejected	language-verb:what (handler detail not recorded)	what do you do	I couldn't place that action. Nothing changed. HELP gives examples; name the person or object when returning t
shop	rejected	language-verb:show (handler detail not recorded)	how long have you worked here	I couldn't place that action. Nothing changed. HELP gives examples; name the person or object when returning t
shop	rejected	language-verb:do (handler detail not recorded)	do you like it here	I couldn't place that action. Nothing changed. HELP gives examples; name the person or object when returning t
shop	rejected	language-verb:do (handler detail not recorded)	do you like working here	I couldn't place that action. Nothing changed. HELP gives examples; name the person or object when returning t
shop	clarified	conversation:absent	what's the octopus for	Sable isn't here to continue that conversation. They are at the bar during staffed evenings, except for their 
shop	clarified	conversation:absent	tell me about the prom	Sable isn't here to continue that conversation. They are at the bar during staffed evenings, except for their 
shop	clarified	conversation:absent	tell me about the supplier	Sable isn't here to continue that conversation. They are at the bar during staffed evenings, except for their 
shop	rejected	language-verb:what's (handler detail not recorded)	what's wrong	I couldn't place that action. Nothing changed. HELP gives examples; name the person or object when returning t
shop	rejected	language-verb:you (handler detail not recorded)	you seem tired	I couldn't place that action. Nothing changed. HELP gives examples; name the person or object when returning t
shop	rejected	language-verb:you (handler detail not recorded)	you ok?	I couldn't place that action. Nothing changed. HELP gives examples; name the person or object when returning t
shop	rejected	language-verb:are (handler detail not recorded)	are you alright	I couldn't place that action. Nothing changed. HELP gives examples; name the person or object when returning t
shop	rejected	language-verb:nice (handler detail not recorded)	nice place	I couldn't place that action. Nothing changed. HELP gives examples; name the person or object when returning t
shop	rejected	language-verb:inventory (handler detail not recorded)	I like it here	I couldn't place that action. Nothing changed. HELP gives examples; name the person or object when returning t
shop	clarified	conversation:absent	busy night?	Sable isn't here to continue that conversation. They are at the bar during staffed evenings, except for their 
shop	clarified	conversation:absent	what's the story with the lids	Sable isn't here to continue that conversation. They are at the bar during staffed evenings, except for their 
shop	clarified	conversation:absent	who is the supplier	Sable isn't here to continue that conversation. They are at the bar during staffed evenings, except for their 
shop	rejected	language-verb:what's (handler detail not recorded)	what's the special	I couldn't place that action. Nothing changed. HELP gives examples; name the person or object when returning t
shop	clarified	conversation:absent	tell me about the deep sea prom	Sable isn't here to continue that conversation. They are at the bar during staffed evenings, except for their 
shop	clarified	conversation:absent	when's the prom	Sable isn't here to continue that conversation. They are at the bar during staffed evenings, except for their 
shop	clarified	conversation:absent	can I come to the prom	Sable isn't here to continue that conversation. They are at the bar during staffed evenings, except for their 
shop	rejected	language-verb:what's (handler detail not recorded)	what's this place called	I couldn't place that action. Nothing changed. HELP gives examples; name the person or object when returning t
shop	rejected	language-verb:show (handler detail not recorded)	how long has the bar been here	I couldn't place that action. Nothing changed. HELP gives examples; name the person or object when returning t
shop	rejected	language-verb:do (handler detail not recorded)	do you own the bar	I couldn't place that action. Nothing changed. HELP gives examples; name the person or object when returning t
shop	rejected	language-verb:who (handler detail not recorded)	who owns this place	I couldn't place that action. Nothing changed. HELP gives examples; name the person or object when returning t
shop	rejected	language-verb:what's (handler detail not recorded)	what's next door	I couldn't place that action. Nothing changed. HELP gives examples; name the person or object when returning t
shop	rejected	language-verb:what's (handler detail not recorded)	what's in the shop	I couldn't place that action. Nothing changed. HELP gives examples; name the person or object when returning t
shop	rejected	language-verb:who (handler detail not recorded)	who runs the shop	I couldn't place that action. Nothing changed. HELP gives examples; name the person or object when returning t
shop	rejected	language-verb:who (handler detail not recorded)	who is vesper	I couldn't place that action. Nothing changed. HELP gives examples; name the person or object when returning t
shop	clarified	conversation:unsupported	tell me about vesper	Trial limitation: there is no response for that request yet. You can ask about something Vesper has mentioned.
shop	rejected	language-verb:do (handler detail not recorded)	do you know vesper	I couldn't place that action. Nothing changed. HELP gives examples; name the person or object when returning t
shop	rejected	language-verb:what's (handler detail not recorded)	what's beyond the curtain	I couldn't place that action. Nothing changed. HELP gives examples; name the person or object when returning t
shop	rejected	language-verb:what's (handler detail not recorded)	what's in the booth	I couldn't place that action. Nothing changed. HELP gives examples; name the person or object when returning t
shop	rejected	language-verb:can (handler detail not recorded)	can we talk somewhere quiet	I couldn't place that action. Nothing changed. HELP gives examples; name the person or object when returning t
shop	rejected	language-verb:can (handler detail not recorded)	can we talk privately	Ask Sable at the bar during a staffed evening. They aren't available here.
shop	rejected	language-verb:smell (handler detail not recorded)	smells good	I couldn't place that action. Nothing changed. HELP gives examples; name the person or object when returning t
shop	rejected	language-verb:that's (handler detail not recorded)	that's funny	I couldn't place that action. Nothing changed. HELP gives examples; name the person or object when returning t
shop	rejected	language-verb:lol (handler detail not recorded)	lol	I couldn't place that action. Nothing changed. HELP gives examples; name the person or object when returning t
shop	rejected	language-verb:ha (handler detail not recorded)	ha	I couldn't place that action. Nothing changed. HELP gives examples; name the person or object when returning t
shop	rejected	language-verb:nice (handler detail not recorded)	nice	I couldn't place that action. Nothing changed. HELP gives examples; name the person or object when returning t
shop	rejected	language-verb:good (handler detail not recorded)	good one	I couldn't place that action. Nothing changed. HELP gives examples; name the person or object when returning t
shop	rejected	language-verb:sorry (handler detail not recorded)	sorry	I couldn't place that action. Nothing changed. HELP gives examples; name the person or object when returning t
shop	rejected	language-verb:i'm (handler detail not recorded)	I'm tired	I couldn't place that action. Nothing changed. HELP gives examples; name the person or object when returning t
shop	rejected	language-verb:thank (handler detail not recorded)	thanks	I couldn't place that action. Nothing changed. HELP gives examples; name the person or object when returning t
shop	rejected	language-verb:thank (handler detail not recorded)	thank you	I couldn't place that action. Nothing changed. HELP gives examples; name the person or object when returning t
shop	clarified	conversation:absent	thanks sable	Sable isn't here to continue that conversation. They are at the bar during staffed evenings, except for their 
shop	rejected	language-verb:cheers (handler detail not recorded)	cheers	I couldn't place that action. Nothing changed. HELP gives examples; name the person or object when returning t
shop	rejected	language-verb:bye (handler detail not recorded)	bye	I couldn't place that action. Nothing changed. HELP gives examples; name the person or object when returning t
shop	rejected	language-verb:goodbye (handler detail not recorded)	goodbye	I couldn't place that action. Nothing changed. HELP gives examples; name the person or object when returning t
shop	rejected	language-verb:see (handler detail not recorded)	see you	I couldn't place that action. Nothing changed. HELP gives examples; name the person or object when returning t
shop	rejected	language-verb:goodnight (handler detail not recorded)	goodnight	I couldn't place that action. Nothing changed. HELP gives examples; name the person or object when returning t
shop	clarified	conversation:absent	good night sable	Sable isn't here to continue that conversation. They are at the bar during staffed evenings, except for their 
shop	clarified	action:unknown-object	take care	I couldn't identify a supported object for that action. Name the menu or a visible evidence item; no object ha
shop	rejected	language-verb:you're (handler detail not recorded)	you're funny	I couldn't place that action. Nothing changed. HELP gives examples; name the person or object when returning t
shop	rejected	language-verb:inventory (handler detail not recorded)	I like you	I couldn't place that action. Nothing changed. HELP gives examples; name the person or object when returning t
shop	rejected	language-verb:you're (handler detail not recorded)	you're good at this	I couldn't place that action. Nothing changed. HELP gives examples; name the person or object when returning t
shop	rejected	language-verb:that (handler detail not recorded)	that was good	I couldn't place that action. Nothing changed. HELP gives examples; name the person or object when returning t
shop	rejected	language-verb:great (handler detail not recorded)	great coffee	I couldn't place that action. Nothing changed. HELP gives examples; name the person or object when returning t
shop	rejected	language-verb:this (handler detail not recorded)	this is nice	I couldn't place that action. Nothing changed. HELP gives examples; name the person or object when returning t
shop	rejected	language-verb:i'm (handler detail not recorded)	I'm glad I came	I couldn't place that action. Nothing changed. HELP gives examples; name the person or object when returning t
shop	rejected	language-verb:inventory (handler detail not recorded)	I missed you	I couldn't place that action. Nothing changed. HELP gives examples; name the person or object when returning t
shop	rejected	language-verb:show (handler detail not recorded)	how was your day	I couldn't place that action. Nothing changed. HELP gives examples; name the person or object when returning t
shop	handled	language-verb:go (handler detail not recorded)	go to shop	You go to Secondhand shop.
shop	clarified	action:unknown-object	shop	I couldn't identify a supported object for that action. Name the menu or a visible evidence item; no object ha
shop	rejected	language-verb:text (handler detail not recorded)	next door	I couldn't place that action. Nothing changed. HELP gives examples; name the person or object when returning t
shop	rejected	language-verb:go (handler detail not recorded)	go next door	You can go to the bar, shop, booth or home.
shop	handled	language-verb:leave (handler detail not recorded)	leave	You go to The Velvet Corner. | The Velvet Corner: warm light on a worn wooden counter, shelves of mismatched g
shop	handled	language-verb:go (handler detail not recorded)	go outside	You go to The Velvet Corner. | The Velvet Corner: warm light on a worn wooden counter, shelves of mismatched g
shop	handled	language-verb:go (handler detail not recorded)	go home	You go to Your apartment. | Your apartment. The kettle has no theories. You can return to the bar or shop, or 
shop	handled	language-verb:go (handler detail not recorded)	home	You go to Your apartment. | Your apartment. The kettle has no theories. You can return to the bar or shop, or 
shop	handled	language-verb:go (handler detail not recorded)	go to booth	You go to The quiet booth. | The quiet booth has a low table and a shaded lamp. It is empty. Ask Sable at the 
shop	rejected	language-verb:booth (handler detail not recorded)	booth	I couldn't place that action. Nothing changed. HELP gives examples; name the person or object when returning t
shop	rejected	language-verb:curtain (handler detail not recorded)	curtain	I couldn't place that action. Nothing changed. HELP gives examples; name the person or object when returning t
shop	handled	language-verb:enter (handler detail not recorded)	enter booth	You go to The quiet booth. | The quiet booth has a low table and a shaded lamp. It is empty. Ask Sable at the 
shop	rejected	language-verb:sit (handler detail not recorded)	sit in booth	I couldn't place that action. Nothing changed. HELP gives examples; name the person or object when returning t
shop	handled	language-verb:go (handler detail not recorded)	go to the quiet booth	You go to The quiet booth. | The quiet booth has a low table and a shaded lamp. It is empty. Ask Sable at the 
shop	handled	language-verb:go (handler detail not recorded)	walk to the shop	You go to Secondhand shop.
shop	rejected	language-verb:visit (handler detail not recorded)	visit vesper	I couldn't place that action. Nothing changed. HELP gives examples; name the person or object when returning t
shop	rejected	language-verb:go (handler detail not recorded)	go see vesper	You can go to the bar, shop, booth or home.
shop	handled	language-verb:go (handler detail not recorded)	head home	You go to Your apartment. | Your apartment. The kettle has no theories. You can return to the bar or shop, or 
shop	rejected	language-verb:go (handler detail not recorded)	go back	You can go to the bar, shop, booth or home.
shop	rejected	language-verb:leave (handler detail not recorded)	exit	I couldn't place that action. Nothing changed. HELP gives examples; name the person or object when returning t
shop	clarified	action:unknown-object	out	I couldn't identify a supported object for that action. Name the menu or a visible evidence item; no object ha
shop	rejected	language-verb:go (handler detail not recorded)	n	I couldn't place that action. Nothing changed. HELP gives examples; name the person or object when returning t
shop	rejected	language-verb:go (handler detail not recorded)	north	I couldn't place that action. Nothing changed. HELP gives examples; name the person or object when returning t
shop	handled	help:controls	help	Type a short action or a reply in your own words. LOOK describes your surroundings; INVENTORY shows belongings
shop	handled	help:spoilers	hint	Optional puzzle guidance — contains spoilers: | Try TALK TO SABLE, ASK SABLE ABOUT THEIR MEMORIES, ORDER TEA, 
shop	handled	language-verb:journal (handler detail not recorded)	journal	Your notes — observations, accounts and uncertainties:
shop	handled	think:private	think	Private: Three weeks here. The bar has started to have familiar sounds: glass on wood, the fridge catching, Sa
shop	rejected	language-verb:save (handler detail not recorded)	save	I couldn't place that action. Nothing changed. HELP gives examples; name the person or object when returning t
shop	rejected	language-verb:quit (handler detail not recorded)	quit	I couldn't place that action. Nothing changed. HELP gives examples; name the person or object when returning t
shop	handled	language-verb:look (handler detail not recorded)	look	Vesper is sorting a photographer's clearance lot. The photograph and provenance listing are available to take 
shop	clarified	action:unknown-object	l	I couldn't identify a supported object for that action. Name the menu or a visible evidence item; no object ha
shop	rejected	language-verb:lok (handler detail not recorded)	lok	I couldn't place that action. Nothing changed. HELP gives examples; name the person or object when returning t
shop	clarified	conversation:absent	tlak to sable	Sable isn't here to continue that conversation. They are at the bar during staffed evenings, except for their 
shop	rejected	language-verb:coffe (handler detail not recorded)	coffe please	I couldn't place that action. Nothing changed. HELP gives examples; name the person or object when returning t
shop	rejected	language-verb:watre (handler detail not recorded)	watre	I couldn't place that action. Nothing changed. HELP gives examples; name the person or object when returning t
shop	rejected	language-verb:help (handler detail not recorded)	helo	I couldn't place that action. Nothing changed. HELP gives examples; name the person or object when returning t
shop	clarified	conversation:absent	hi sabel	Sable isn't here to continue that conversation. They are at the bar during staffed evenings, except for their 
shop	handled	language-verb:look (handler detail not recorded)	look	Vesper is sorting a photographer's clearance lot. The photograph and provenance listing are available to take 
shop	clarified	action:unknown-object	x vesper	I couldn't identify a supported object for that action. Name the menu or a visible evidence item; no object ha
shop	clarified	action:unknown-object	look at vesper	I couldn't identify a supported object for that action. Name the menu or a visible evidence item; no object ha
shop	handled	language-verb:talk (handler detail not recorded)	talk to vesper	Vesper: ‘The print came with that photographer's clearance lot. Read the separate event listing too. Looking a
shop	handled	language-verb:hi (handler detail not recorded)	hi vesper	Vesper: ‘The print came with that photographer's clearance lot. Read the separate event listing too. Looking a
shop	clarified	conversation:absent	hello	Sable isn't here to continue that conversation. They are at the bar during staffed evenings, except for their 
shop	rejected	language-verb:what's (handler detail not recorded)	what's this	I couldn't place that action. Nothing changed. HELP gives examples; name the person or object when returning t
shop	rejected	language-verb:examine (handler detail not recorded)	what is this place	I couldn't place that action. Nothing changed. HELP gives examples; name the person or object when returning t
shop	rejected	language-verb:browse (handler detail not recorded)	browse	I couldn't place that action. Nothing changed. HELP gives examples; name the person or object when returning t
shop	handled	language-verb:look (handler detail not recorded)	look around	Vesper is sorting a photographer's clearance lot. The photograph and provenance listing are available to take 
shop	clarified	action:unknown-object	look at the shelves	I couldn't identify a supported object for that action. Name the menu or a visible evidence item; no object ha
shop	handled	object:examine	look at the photo	A clearance print from a venue photographer's lot. Sable is serving at the Cat's Cradle closing party, five ye
shop	handled	object:examine	look at the photograph	A clearance print from a venue photographer's lot. Sable is serving at the Cat's Cradle closing party, five ye
shop	handled	conversation:photo	who's in the photo	‘Can I see the photograph?’ Vesper asks.
shop	handled	conversation:photo	who is in the photograph	‘Can I see the photograph?’ Vesper asks.
shop	handled	conversation:photo	ask vesper about the photo	‘Can I see the photograph?’ Vesper asks.
shop	handled	conversation:photo	ask vesper about the photograph	‘Can I see the photograph?’ Vesper asks.
shop	clarified	conversation:vesper-topic	ask vesper about sable	Are you asking Vesper about the clearance lot, the photograph, or its listing?
shop	rejected	language-verb:vesper (handler detail not recorded)	vesper, who is this	I couldn't place that action. Nothing changed. HELP gives examples; name the person or object when returning t
shop	clarified	conversation:absent	buy the photo	Sable isn't here to continue that conversation. They are at the bar during staffed evenings, except for their 
shop	handled	conversation:photo	how much is the photograph	‘Can I see the photograph?’ Vesper asks.
shop	rejected	language-verb:show (handler detail not recorded)	how much	I couldn't place that action. Nothing changed. HELP gives examples; name the person or object when returning t
shop	rejected	language-verb:buy (handler detail not recorded)	can I buy this	I couldn't place that action. Nothing changed. HELP gives examples; name the person or object when returning t
shop	handled	object:take	take photo	You take the photograph. You tuck it away unread.
shop	handled	object:take	take the photograph	You take the photograph. You tuck it away unread.
shop	handled	object:examine	examine listing	The shop's lot record accompanies an independently printed closing-event listing. The date, venue layout, deco
shop	handled	object:examine	read the listing	The shop's lot record accompanies an independently printed closing-event listing. The date, venue layout, deco
shop	handled	conversation:listing	what's the listing	Vesper asks to see the separate listing.
shop	handled	conversation:listing	ask about the listing	Vesper asks to see the separate listing.
shop	rejected	language-verb:where (handler detail not recorded)	where did you get this	I couldn't place that action. Nothing changed. HELP gives examples; name the person or object when returning t
shop	rejected	language-verb:where (handler detail not recorded)	where did this come from	I couldn't place that action. Nothing changed. HELP gives examples; name the person or object when returning t
shop	clarified	conversation:absent	is that sable	Sable isn't here to continue that conversation. They are at the bar during staffed evenings, except for their 
shop	clarified	conversation:absent	that's sable	Sable isn't here to continue that conversation. They are at the bar during staffed evenings, except for their 
shop	clarified	conversation:absent	this looks like sable	Sable isn't here to continue that conversation. They are at the bar during staffed evenings, except for their 
shop	rejected	language-verb:borrow (handler detail not recorded)	can I borrow this	I couldn't place that action. Nothing changed. HELP gives examples; name the person or object when returning t
shop	clarified	action:unknown-object	can I take this	I couldn't identify a supported object for that action. Name the menu or a visible evidence item; no object ha
shop	clarified	conversation:absent	vesper, can I take the photograph	Sable isn't here to continue that conversation. They are at the bar during staffed evenings, except for their 
shop	rejected	language-verb:show (handler detail not recorded)	show vesper the photo	You need to be holding it first.
shop	clarified	interaction:clarify	tell vesper about sable	There is more than one person or subject in that request. Please choose one; nothing has changed.
shop	rejected	language-verb:does (handler detail not recorded)	does vesper know sable	I couldn't place that action. Nothing changed. HELP gives examples; name the person or object when returning t
shop	rejected	language-verb:what (handler detail not recorded)	what do you sell	I couldn't place that action. Nothing changed. HELP gives examples; name the person or object when returning t
shop	rejected	language-verb:what's (handler detail not recorded)	what's for sale	I couldn't place that action. Nothing changed. HELP gives examples; name the person or object when returning t
shop	clarified	conversation:absent	do you know sable	Sable isn't here to continue that conversation. They are at the bar during staffed evenings, except for their 
shop	rejected	language-verb:thank (handler detail not recorded)	thanks vesper	I couldn't place that action. Nothing changed. HELP gives examples; name the person or object when returning t
shop	rejected	language-verb:bye (handler detail not recorded)	bye vesper	I couldn't place that action. Nothing changed. HELP gives examples; name the person or object when returning t
shop	handled	language-verb:go (handler detail not recorded)	go back to the bar	You go to The Velvet Corner. | The Velvet Corner: warm light on a worn wooden counter, shelves of mismatched g
shop	rejected	language-verb:bar (handler detail not recorded)	bar	I couldn't place that action. Nothing changed. HELP gives examples; name the person or object when returning t
shop	rejected	language-verb:back (handler detail not recorded)	back	I couldn't place that action. Nothing changed. HELP gives examples; name the person or object when returning t
shop	handled	language-verb:leave (handler detail not recorded)	leave	You go to The Velvet Corner. | The Velvet Corner: warm light on a worn wooden counter, shelves of mismatched g
shop	handled	language-verb:go (handler detail not recorded)	go to the bar	You go to The Velvet Corner. | The Velvet Corner: warm light on a worn wooden counter, shelves of mismatched g
shop_seen_evidence	rejected	language-verb:no (handler detail not recorded)	no	Sable isn't here to hear that. A private thought or an unspoken reply doesn't reach them.
shop_seen_evidence	rejected	language-verb:yes (handler detail not recorded)	yes	Sable isn't here to hear that. A private thought or an unspoken reply doesn't reach them.
shop_seen_evidence	rejected	language-verb:no (handler detail not recorded)	no it doesn't sound threatening	No action taken. Say what you want to do when you've decided.
shop_seen_evidence	rejected	language-verb:a (handler detail not recorded)	a little	I couldn't place that action. Nothing changed. HELP gives examples; name the person or object when returning t
shop_seen_evidence	rejected	language-verb:sounds (handler detail not recorded)	sounds fine to me	I couldn't place that action. Nothing changed. HELP gives examples; name the person or object when returning t
shop_seen_evidence	rejected	language-verb:it (handler detail not recorded)	it sounds fine	I couldn't place that action. Nothing changed. HELP gives examples; name the person or object when returning t
shop_seen_evidence	rejected	language-verb:not (handler detail not recorded)	not really	No action taken. Say what you want to do when you've decided.
shop_seen_evidence	rejected	language-verb:maybe (handler detail not recorded)	maybe	No action taken. Say what you want to do when you've decided.
shop_seen_evidence	rejected	language-verb:inventory (handler detail not recorded)	I think it's fine	I couldn't place that action. Nothing changed. HELP gives examples; name the person or object when returning t
shop_seen_evidence	rejected	language-verb:it's (handler detail not recorded)	it's a bit much	I couldn't place that action. Nothing changed. HELP gives examples; name the person or object when returning t
shop_seen_evidence	clarified	action:unknown-object	examine pencil	I couldn't identify a supported object for that action. Name the menu or a visible evidence item; no object ha
shop_seen_evidence	clarified	action:unknown-object	look at the pencil	I couldn't identify a supported object for that action. Name the menu or a visible evidence item; no object ha
shop_seen_evidence	rejected	language-verb:tell (handler detail not recorded)	tell me about the pencil	I couldn't place that action. Nothing changed. HELP gives examples; name the person or object when returning t
shop_seen_evidence	clarified	action:unknown-object	x counter	I couldn't identify a supported object for that action. Name the menu or a visible evidence item; no object ha
shop_seen_evidence	rejected	interaction:blocked	look at the counter	That object is not accessible here. Open its container or return to its actual location.
shop_seen_evidence	clarified	action:unknown-object	look at the glasses	I couldn't identify a supported object for that action. Name the menu or a visible evidence item; no object ha
shop_seen_evidence	clarified	action:unknown-object	look at the shelves	I couldn't identify a supported object for that action. Name the menu or a visible evidence item; no object ha
shop_seen_evidence	clarified	action:unknown-object	look at the speakers	I couldn't identify a supported object for that action. Name the menu or a visible evidence item; no object ha
shop_seen_evidence	rejected	language-verb:search (handler detail not recorded)	look behind the curtain	I couldn't place that action. Nothing changed. HELP gives examples; name the person or object when returning t
shop_seen_evidence	clarified	action:unknown-object	examine curtain	I couldn't identify a supported object for that action. Name the menu or a visible evidence item; no object ha
shop_seen_evidence	rejected	language-verb:go (handler detail not recorded)	go through the curtain	You can go to the bar, shop, booth or home.
shop_seen_evidence	rejected	language-verb:search (handler detail not recorded)	look under the counter	I couldn't place that action. Nothing changed. HELP gives examples; name the person or object when returning t
shop_seen_evidence	clarified	action:unknown-object	look at the lids	I couldn't identify a supported object for that action. Name the menu or a visible evidence item; no object ha
shop_seen_evidence	clarified	action:unknown-object	examine the box	I couldn't identify a supported object for that action. Name the menu or a visible evidence item; no object ha
shop_seen_evidence	clarified	action:unknown-object	look at the box of lids	I couldn't identify a supported object for that action. Name the menu or a visible evidence item; no object ha
shop_seen_evidence	clarified	action:unknown-object	look at sable	I couldn't identify a supported object for that action. Name the menu or a visible evidence item; no object ha
shop_seen_evidence	clarified	action:unknown-object	examine sable	I couldn't identify a supported object for that action. Name the menu or a visible evidence item; no object ha
shop_seen_evidence	clarified	action:unknown-object	x sable	I couldn't identify a supported object for that action. Name the menu or a visible evidence item; no object ha
shop_seen_evidence	clarified	action:unknown-object	look at the bass line	I couldn't identify a supported object for that action. Name the menu or a visible evidence item; no object ha
shop_seen_evidence	rejected	language-verb:listen (handler detail not recorded)	listen	Sable isn't here to hear that. A private thought or an unspoken reply doesn't reach them.
shop_seen_evidence	clarified	conversation:absent	listen to the music	Sable isn't here to continue that conversation. They are at the bar during staffed evenings, except for their 
shop_seen_evidence	rejected	language-verb:smell (handler detail not recorded)	smell	I couldn't place that action. Nothing changed. HELP gives examples; name the person or object when returning t
shop_seen_evidence	rejected	language-verb:smell (handler detail not recorded)	smell the coffee	I couldn't place that action. Nothing changed. HELP gives examples; name the person or object when returning t
shop_seen_evidence	rejected	language-verb:touch (handler detail not recorded)	touch the counter	I couldn't place that action. Nothing changed. HELP gives examples; name the person or object when returning t
shop_seen_evidence	rejected	language-verb:sit (handler detail not recorded)	sit down	I couldn't place that action. Nothing changed. HELP gives examples; name the person or object when returning t
shop_seen_evidence	rejected	language-verb:sit (handler detail not recorded)	sit at the counter	I couldn't place that action. Nothing changed. HELP gives examples; name the person or object when returning t
shop_seen_evidence	rejected	language-verb:stand (handler detail not recorded)	stand up	I couldn't place that action. Nothing changed. HELP gives examples; name the person or object when returning t
shop_seen_evidence	rejected	interaction:blocked	read menu	That object is not accessible here. Open its container or return to its actual location.
shop_seen_evidence	rejected	interaction:blocked	read the menu	That object is not accessible here. Open its container or return to its actual location.
shop_seen_evidence	rejected	language-verb:examine (handler detail not recorded)	x menu	The menu is at the Velvet Corner.
shop_seen_evidence	rejected	language-verb:inventory (handler detail not recorded)	i	I couldn't place that action. Nothing changed. HELP gives examples; name the person or object when returning t
shop_seen_evidence	handled	language-verb:inventory (handler detail not recorded)	inventory	satchel (open) | Contents of closed bags are carried but must be opened before inspection or showing.
shop_seen_evidence	handled	language-verb:wait (handler detail not recorded)	wait	You wait 10 minutes.
shop_seen_evidence	rejected	language-verb:wait (handler detail not recorded)	z	Wait between one minute and one day, or rest until tomorrow at home.
shop_seen_evidence	rejected	language-verb:gin (handler detail not recorded)	gin	I couldn't place that action. Nothing changed. HELP gives examples; name the person or object when returning t
shop_seen_evidence	rejected	language-verb:ask (handler detail not recorded)	ask for gin	I couldn't place that action. Nothing changed. HELP gives examples; name the person or object when returning t
shop_seen_evidence	rejected	language-verb:a (handler detail not recorded)	a gin please	I couldn't place that action. Nothing changed. HELP gives examples; name the person or object when returning t
shop_seen_evidence	rejected	language-verb:the (handler detail not recorded)	the special with gin	I couldn't place that action. Nothing changed. HELP gives examples; name the person or object when returning t
shop_seen_evidence	rejected	interaction:blocked	order the special	Vesper does not offer drink service.
shop_seen_evidence	rejected	interaction:blocked	order coffee	Vesper does not offer drink service.
shop_seen_evidence	rejected	interaction:blocked	tea please	Vesper does not offer drink service.
shop_seen_evidence	rejected	interaction:blocked	can I get a tea	Vesper does not offer drink service.
shop_seen_evidence	rejected	interaction:blocked	can I have a coffee please	Vesper does not offer drink service.
shop_seen_evidence	rejected	interaction:blocked	another coffee	Vesper does not offer drink service.
shop_seen_evidence	rejected	language-verb:same (handler detail not recorded)	same again	I couldn't place that action. Nothing changed. HELP gives examples; name the person or object when returning t
shop_seen_evidence	rejected	interaction:blocked	I'll have a water	Vesper does not offer drink service.
shop_seen_evidence	clarified	action:unknown-object	give me water	I couldn't identify a supported object for that action. Name the menu or a visible evidence item; no object ha
shop_seen_evidence	rejected	language-verb:one (handler detail not recorded)	one coffee	I couldn't place that action. Nothing changed. HELP gives examples; name the person or object when returning t
shop_seen_evidence	rejected	interaction:blocked	coffee please	Vesper does not offer drink service.
shop_seen_evidence	rejected	language-verb:a (handler detail not recorded)	a cup of tea	I couldn't place that action. Nothing changed. HELP gives examples; name the person or object when returning t
shop_seen_evidence	rejected	language-verb:what (handler detail not recorded)	what do you have	I couldn't place that action. Nothing changed. HELP gives examples; name the person or object when returning t
shop_seen_evidence	rejected	language-verb:what's (handler detail not recorded)	what's good	I couldn't place that action. Nothing changed. HELP gives examples; name the person or object when returning t
shop_seen_evidence	rejected	language-verb:what (handler detail not recorded)	what do you recommend	I couldn't place that action. Nothing changed. HELP gives examples; name the person or object when returning t
shop_seen_evidence	clarified	conversation:absent	can I see the menu	Sable isn't here to continue that conversation. They are at the bar during staffed evenings, except for their 
shop_seen_evidence	clarified	conversation:absent	menu	Sable isn't here to continue that conversation. They are at the bar during staffed evenings, except for their 
shop_seen_evidence	clarified	conversation:absent	hi	Sable isn't here to continue that conversation. They are at the bar during staffed evenings, except for their 
shop_seen_evidence	clarified	conversation:absent	hello sable	Sable isn't here to continue that conversation. They are at the bar during staffed evenings, except for their 
shop_seen_evidence	clarified	conversation:absent	hey	Sable isn't here to continue that conversation. They are at the bar during staffed evenings, except for their 
shop_seen_evidence	clarified	conversation:absent	how's it going	Sable isn't here to continue that conversation. They are at the bar during staffed evenings, except for their 
shop_seen_evidence	clarified	conversation:absent	how are you	Sable isn't here to continue that conversation. They are at the bar during staffed evenings, except for their 
shop_seen_evidence	rejected	language-verb:what's (handler detail not recorded)	what's new	I couldn't place that action. Nothing changed. HELP gives examples; name the person or object when returning t
shop_seen_evidence	rejected	language-verb:what's (handler detail not recorded)	what's up	I couldn't place that action. Nothing changed. HELP gives examples; name the person or object when returning t
shop_seen_evidence	clarified	conversation:absent	how's your night	Sable isn't here to continue that conversation. They are at the bar during staffed evenings, except for their 
shop_seen_evidence	rejected	language-verb:tell (handler detail not recorded)	tell me about yourself	I couldn't place that action. Nothing changed. HELP gives examples; name the person or object when returning t
shop_seen_evidence	rejected	language-verb:who (handler detail not recorded)	who are you	I couldn't place that action. Nothing changed. HELP gives examples; name the person or object when returning t
shop_seen_evidence	rejected	language-verb:what (handler detail not recorded)	what do you do	I couldn't place that action. Nothing changed. HELP gives examples; name the person or object when returning t
shop_seen_evidence	rejected	language-verb:show (handler detail not recorded)	how long have you worked here	I couldn't place that action. Nothing changed. HELP gives examples; name the person or object when returning t
shop_seen_evidence	rejected	language-verb:do (handler detail not recorded)	do you like it here	I couldn't place that action. Nothing changed. HELP gives examples; name the person or object when returning t
shop_seen_evidence	rejected	language-verb:do (handler detail not recorded)	do you like working here	I couldn't place that action. Nothing changed. HELP gives examples; name the person or object when returning t
shop_seen_evidence	clarified	conversation:absent	what's the octopus for	Sable isn't here to continue that conversation. They are at the bar during staffed evenings, except for their 
shop_seen_evidence	clarified	conversation:absent	tell me about the prom	Sable isn't here to continue that conversation. They are at the bar during staffed evenings, except for their 
shop_seen_evidence	clarified	conversation:absent	tell me about the supplier	Sable isn't here to continue that conversation. They are at the bar during staffed evenings, except for their 
shop_seen_evidence	rejected	language-verb:what's (handler detail not recorded)	what's wrong	I couldn't place that action. Nothing changed. HELP gives examples; name the person or object when returning t
shop_seen_evidence	rejected	language-verb:you (handler detail not recorded)	you seem tired	I couldn't place that action. Nothing changed. HELP gives examples; name the person or object when returning t
shop_seen_evidence	rejected	language-verb:you (handler detail not recorded)	you ok?	I couldn't place that action. Nothing changed. HELP gives examples; name the person or object when returning t
shop_seen_evidence	rejected	language-verb:are (handler detail not recorded)	are you alright	I couldn't place that action. Nothing changed. HELP gives examples; name the person or object when returning t
shop_seen_evidence	rejected	language-verb:nice (handler detail not recorded)	nice place	I couldn't place that action. Nothing changed. HELP gives examples; name the person or object when returning t
shop_seen_evidence	rejected	language-verb:inventory (handler detail not recorded)	I like it here	I couldn't place that action. Nothing changed. HELP gives examples; name the person or object when returning t
shop_seen_evidence	clarified	conversation:absent	busy night?	Sable isn't here to continue that conversation. They are at the bar during staffed evenings, except for their 
shop_seen_evidence	clarified	conversation:absent	what's the story with the lids	Sable isn't here to continue that conversation. They are at the bar during staffed evenings, except for their 
shop_seen_evidence	clarified	conversation:absent	who is the supplier	Sable isn't here to continue that conversation. They are at the bar during staffed evenings, except for their 
shop_seen_evidence	rejected	language-verb:what's (handler detail not recorded)	what's the special	I couldn't place that action. Nothing changed. HELP gives examples; name the person or object when returning t
shop_seen_evidence	clarified	conversation:absent	tell me about the deep sea prom	Sable isn't here to continue that conversation. They are at the bar during staffed evenings, except for their 
shop_seen_evidence	clarified	conversation:absent	when's the prom	Sable isn't here to continue that conversation. They are at the bar during staffed evenings, except for their 
shop_seen_evidence	clarified	conversation:absent	can I come to the prom	Sable isn't here to continue that conversation. They are at the bar during staffed evenings, except for their 
shop_seen_evidence	rejected	language-verb:what's (handler detail not recorded)	what's this place called	I couldn't place that action. Nothing changed. HELP gives examples; name the person or object when returning t
shop_seen_evidence	rejected	language-verb:show (handler detail not recorded)	how long has the bar been here	I couldn't place that action. Nothing changed. HELP gives examples; name the person or object when returning t
shop_seen_evidence	rejected	language-verb:do (handler detail not recorded)	do you own the bar	I couldn't place that action. Nothing changed. HELP gives examples; name the person or object when returning t
shop_seen_evidence	rejected	language-verb:who (handler detail not recorded)	who owns this place	I couldn't place that action. Nothing changed. HELP gives examples; name the person or object when returning t
shop_seen_evidence	rejected	language-verb:what's (handler detail not recorded)	what's next door	I couldn't place that action. Nothing changed. HELP gives examples; name the person or object when returning t
shop_seen_evidence	rejected	language-verb:what's (handler detail not recorded)	what's in the shop	I couldn't place that action. Nothing changed. HELP gives examples; name the person or object when returning t
shop_seen_evidence	rejected	language-verb:who (handler detail not recorded)	who runs the shop	I couldn't place that action. Nothing changed. HELP gives examples; name the person or object when returning t
shop_seen_evidence	rejected	language-verb:who (handler detail not recorded)	who is vesper	I couldn't place that action. Nothing changed. HELP gives examples; name the person or object when returning t
shop_seen_evidence	clarified	conversation:unsupported	tell me about vesper	Trial limitation: there is no response for that request yet. You can ask about something Vesper has mentioned.
shop_seen_evidence	rejected	language-verb:do (handler detail not recorded)	do you know vesper	I couldn't place that action. Nothing changed. HELP gives examples; name the person or object when returning t
shop_seen_evidence	rejected	language-verb:what's (handler detail not recorded)	what's beyond the curtain	I couldn't place that action. Nothing changed. HELP gives examples; name the person or object when returning t
shop_seen_evidence	rejected	language-verb:what's (handler detail not recorded)	what's in the booth	I couldn't place that action. Nothing changed. HELP gives examples; name the person or object when returning t
shop_seen_evidence	rejected	language-verb:can (handler detail not recorded)	can we talk somewhere quiet	I couldn't place that action. Nothing changed. HELP gives examples; name the person or object when returning t
shop_seen_evidence	rejected	language-verb:can (handler detail not recorded)	can we talk privately	Ask Sable at the bar during a staffed evening. They aren't available here.
shop_seen_evidence	rejected	language-verb:smell (handler detail not recorded)	smells good	I couldn't place that action. Nothing changed. HELP gives examples; name the person or object when returning t
shop_seen_evidence	rejected	language-verb:that's (handler detail not recorded)	that's funny	I couldn't place that action. Nothing changed. HELP gives examples; name the person or object when returning t
shop_seen_evidence	rejected	language-verb:lol (handler detail not recorded)	lol	I couldn't place that action. Nothing changed. HELP gives examples; name the person or object when returning t
shop_seen_evidence	rejected	language-verb:ha (handler detail not recorded)	ha	I couldn't place that action. Nothing changed. HELP gives examples; name the person or object when returning t
shop_seen_evidence	rejected	language-verb:nice (handler detail not recorded)	nice	I couldn't place that action. Nothing changed. HELP gives examples; name the person or object when returning t
shop_seen_evidence	rejected	language-verb:good (handler detail not recorded)	good one	I couldn't place that action. Nothing changed. HELP gives examples; name the person or object when returning t
shop_seen_evidence	rejected	language-verb:sorry (handler detail not recorded)	sorry	I couldn't place that action. Nothing changed. HELP gives examples; name the person or object when returning t
shop_seen_evidence	rejected	language-verb:i'm (handler detail not recorded)	I'm tired	I couldn't place that action. Nothing changed. HELP gives examples; name the person or object when returning t
shop_seen_evidence	rejected	language-verb:thank (handler detail not recorded)	thanks	I couldn't place that action. Nothing changed. HELP gives examples; name the person or object when returning t
shop_seen_evidence	rejected	language-verb:thank (handler detail not recorded)	thank you	I couldn't place that action. Nothing changed. HELP gives examples; name the person or object when returning t
shop_seen_evidence	clarified	conversation:absent	thanks sable	Sable isn't here to continue that conversation. They are at the bar during staffed evenings, except for their 
shop_seen_evidence	rejected	language-verb:cheers (handler detail not recorded)	cheers	I couldn't place that action. Nothing changed. HELP gives examples; name the person or object when returning t
shop_seen_evidence	rejected	language-verb:bye (handler detail not recorded)	bye	I couldn't place that action. Nothing changed. HELP gives examples; name the person or object when returning t
shop_seen_evidence	rejected	language-verb:goodbye (handler detail not recorded)	goodbye	I couldn't place that action. Nothing changed. HELP gives examples; name the person or object when returning t
shop_seen_evidence	rejected	language-verb:see (handler detail not recorded)	see you	I couldn't place that action. Nothing changed. HELP gives examples; name the person or object when returning t
shop_seen_evidence	rejected	language-verb:goodnight (handler detail not recorded)	goodnight	I couldn't place that action. Nothing changed. HELP gives examples; name the person or object when returning t
shop_seen_evidence	clarified	conversation:absent	good night sable	Sable isn't here to continue that conversation. They are at the bar during staffed evenings, except for their 
shop_seen_evidence	clarified	action:unknown-object	take care	I couldn't identify a supported object for that action. Name the menu or a visible evidence item; no object ha
shop_seen_evidence	rejected	language-verb:you're (handler detail not recorded)	you're funny	I couldn't place that action. Nothing changed. HELP gives examples; name the person or object when returning t
shop_seen_evidence	rejected	language-verb:inventory (handler detail not recorded)	I like you	I couldn't place that action. Nothing changed. HELP gives examples; name the person or object when returning t
shop_seen_evidence	rejected	language-verb:you're (handler detail not recorded)	you're good at this	I couldn't place that action. Nothing changed. HELP gives examples; name the person or object when returning t
shop_seen_evidence	rejected	language-verb:that (handler detail not recorded)	that was good	I couldn't place that action. Nothing changed. HELP gives examples; name the person or object when returning t
shop_seen_evidence	rejected	language-verb:great (handler detail not recorded)	great coffee	I couldn't place that action. Nothing changed. HELP gives examples; name the person or object when returning t
shop_seen_evidence	rejected	language-verb:this (handler detail not recorded)	this is nice	I couldn't place that action. Nothing changed. HELP gives examples; name the person or object when returning t
shop_seen_evidence	rejected	language-verb:i'm (handler detail not recorded)	I'm glad I came	I couldn't place that action. Nothing changed. HELP gives examples; name the person or object when returning t
shop_seen_evidence	rejected	language-verb:inventory (handler detail not recorded)	I missed you	I couldn't place that action. Nothing changed. HELP gives examples; name the person or object when returning t
shop_seen_evidence	rejected	language-verb:show (handler detail not recorded)	how was your day	I couldn't place that action. Nothing changed. HELP gives examples; name the person or object when returning t
shop_seen_evidence	handled	language-verb:go (handler detail not recorded)	go to shop	You go to Secondhand shop.
shop_seen_evidence	clarified	action:unknown-object	shop	I couldn't identify a supported object for that action. Name the menu or a visible evidence item; no object ha
shop_seen_evidence	rejected	language-verb:text (handler detail not recorded)	next door	I couldn't place that action. Nothing changed. HELP gives examples; name the person or object when returning t
shop_seen_evidence	rejected	language-verb:go (handler detail not recorded)	go next door	You can go to the bar, shop, booth or home.
shop_seen_evidence	handled	language-verb:leave (handler detail not recorded)	leave	You go to The Velvet Corner. | The Velvet Corner: warm light on a worn wooden counter, shelves of mismatched g
shop_seen_evidence	handled	language-verb:go (handler detail not recorded)	go outside	You go to The Velvet Corner. | The Velvet Corner: warm light on a worn wooden counter, shelves of mismatched g
shop_seen_evidence	handled	language-verb:go (handler detail not recorded)	go home	You go to Your apartment. | Your apartment. The kettle has no theories. You can return to the bar or shop, or 
shop_seen_evidence	handled	language-verb:go (handler detail not recorded)	home	You go to Your apartment. | Your apartment. The kettle has no theories. You can return to the bar or shop, or 
shop_seen_evidence	handled	language-verb:go (handler detail not recorded)	go to booth	You go to The quiet booth. | The quiet booth has a low table and a shaded lamp. It is empty. Ask Sable at the 
shop_seen_evidence	rejected	language-verb:booth (handler detail not recorded)	booth	I couldn't place that action. Nothing changed. HELP gives examples; name the person or object when returning t
shop_seen_evidence	rejected	language-verb:curtain (handler detail not recorded)	curtain	I couldn't place that action. Nothing changed. HELP gives examples; name the person or object when returning t
shop_seen_evidence	handled	language-verb:enter (handler detail not recorded)	enter booth	You go to The quiet booth. | The quiet booth has a low table and a shaded lamp. It is empty. Ask Sable at the 
shop_seen_evidence	rejected	language-verb:sit (handler detail not recorded)	sit in booth	I couldn't place that action. Nothing changed. HELP gives examples; name the person or object when returning t
shop_seen_evidence	handled	language-verb:go (handler detail not recorded)	go to the quiet booth	You go to The quiet booth. | The quiet booth has a low table and a shaded lamp. It is empty. Ask Sable at the 
shop_seen_evidence	handled	language-verb:go (handler detail not recorded)	walk to the shop	You go to Secondhand shop.
shop_seen_evidence	rejected	language-verb:visit (handler detail not recorded)	visit vesper	I couldn't place that action. Nothing changed. HELP gives examples; name the person or object when returning t
shop_seen_evidence	rejected	language-verb:go (handler detail not recorded)	go see vesper	You can go to the bar, shop, booth or home.
shop_seen_evidence	handled	language-verb:go (handler detail not recorded)	head home	You go to Your apartment. | Your apartment. The kettle has no theories. You can return to the bar or shop, or 
shop_seen_evidence	rejected	language-verb:go (handler detail not recorded)	go back	You can go to the bar, shop, booth or home.
shop_seen_evidence	rejected	language-verb:leave (handler detail not recorded)	exit	I couldn't place that action. Nothing changed. HELP gives examples; name the person or object when returning t
shop_seen_evidence	clarified	action:unknown-object	out	I couldn't identify a supported object for that action. Name the menu or a visible evidence item; no object ha
shop_seen_evidence	rejected	language-verb:go (handler detail not recorded)	n	I couldn't place that action. Nothing changed. HELP gives examples; name the person or object when returning t
shop_seen_evidence	rejected	language-verb:go (handler detail not recorded)	north	I couldn't place that action. Nothing changed. HELP gives examples; name the person or object when returning t
shop_seen_evidence	handled	help:controls	help	Type a short action or a reply in your own words. LOOK describes your surroundings; INVENTORY shows belongings
shop_seen_evidence	handled	help:spoilers	hint	Optional puzzle guidance — contains spoilers: | Try TALK TO SABLE, ASK SABLE ABOUT THEIR MEMORIES, ORDER TEA, 
shop_seen_evidence	handled	language-verb:journal (handler detail not recorded)	journal	Your notes — observations, accounts and uncertainties: | A clearance print from a venue photographer's lot. Sa
shop_seen_evidence	handled	think:private	think	Private: Three weeks here. The bar has started to have familiar sounds: glass on wood, the fridge catching, Sa
shop_seen_evidence	rejected	language-verb:save (handler detail not recorded)	save	I couldn't place that action. Nothing changed. HELP gives examples; name the person or object when returning t
shop_seen_evidence	rejected	language-verb:quit (handler detail not recorded)	quit	I couldn't place that action. Nothing changed. HELP gives examples; name the person or object when returning t
shop_seen_evidence	handled	language-verb:look (handler detail not recorded)	look	Vesper is sorting a photographer's clearance lot. The photograph and provenance listing are available to take 
shop_seen_evidence	clarified	action:unknown-object	l	I couldn't identify a supported object for that action. Name the menu or a visible evidence item; no object ha
shop_seen_evidence	rejected	language-verb:lok (handler detail not recorded)	lok	I couldn't place that action. Nothing changed. HELP gives examples; name the person or object when returning t
shop_seen_evidence	clarified	conversation:absent	tlak to sable	Sable isn't here to continue that conversation. They are at the bar during staffed evenings, except for their 
shop_seen_evidence	rejected	language-verb:coffe (handler detail not recorded)	coffe please	I couldn't place that action. Nothing changed. HELP gives examples; name the person or object when returning t
shop_seen_evidence	rejected	language-verb:watre (handler detail not recorded)	watre	I couldn't place that action. Nothing changed. HELP gives examples; name the person or object when returning t
shop_seen_evidence	rejected	language-verb:help (handler detail not recorded)	helo	I couldn't place that action. Nothing changed. HELP gives examples; name the person or object when returning t
shop_seen_evidence	clarified	conversation:absent	hi sabel	Sable isn't here to continue that conversation. They are at the bar during staffed evenings, except for their 
shop_seen_evidence	handled	language-verb:look (handler detail not recorded)	look	Vesper is sorting a photographer's clearance lot. The photograph and provenance listing are available to take 
shop_seen_evidence	clarified	action:unknown-object	x vesper	I couldn't identify a supported object for that action. Name the menu or a visible evidence item; no object ha
shop_seen_evidence	clarified	action:unknown-object	look at vesper	I couldn't identify a supported object for that action. Name the menu or a visible evidence item; no object ha
shop_seen_evidence	handled	language-verb:talk (handler detail not recorded)	talk to vesper	Vesper: ‘The print came with that photographer's clearance lot. Read the separate event listing too. Looking a
shop_seen_evidence	handled	language-verb:hi (handler detail not recorded)	hi vesper	Vesper: ‘The print came with that photographer's clearance lot. Read the separate event listing too. Looking a
shop_seen_evidence	clarified	conversation:absent	hello	Sable isn't here to continue that conversation. They are at the bar during staffed evenings, except for their 
shop_seen_evidence	rejected	language-verb:what's (handler detail not recorded)	what's this	I couldn't place that action. Nothing changed. HELP gives examples; name the person or object when returning t
shop_seen_evidence	rejected	language-verb:examine (handler detail not recorded)	what is this place	I couldn't place that action. Nothing changed. HELP gives examples; name the person or object when returning t
shop_seen_evidence	rejected	language-verb:browse (handler detail not recorded)	browse	I couldn't place that action. Nothing changed. HELP gives examples; name the person or object when returning t
shop_seen_evidence	handled	language-verb:look (handler detail not recorded)	look around	Vesper is sorting a photographer's clearance lot. The photograph and provenance listing are available to take 
shop_seen_evidence	clarified	action:unknown-object	look at the shelves	I couldn't identify a supported object for that action. Name the menu or a visible evidence item; no object ha
shop_seen_evidence	handled	object:examine	look at the photo	A clearance print from a venue photographer's lot. Sable is serving at the Cat's Cradle closing party, five ye
shop_seen_evidence	handled	object:examine	look at the photograph	A clearance print from a venue photographer's lot. Sable is serving at the Cat's Cradle closing party, five ye
shop_seen_evidence	handled	conversation:photo	who's in the photo	‘Can I see the photograph?’ Vesper asks.
shop_seen_evidence	handled	conversation:photo	who is in the photograph	‘Can I see the photograph?’ Vesper asks.
shop_seen_evidence	handled	conversation:photo	ask vesper about the photo	‘Can I see the photograph?’ Vesper asks.
shop_seen_evidence	handled	conversation:photo	ask vesper about the photograph	‘Can I see the photograph?’ Vesper asks.
shop_seen_evidence	clarified	conversation:vesper-topic	ask vesper about sable	Are you asking Vesper about the clearance lot, the photograph, or its listing?
shop_seen_evidence	rejected	language-verb:vesper (handler detail not recorded)	vesper, who is this	I couldn't place that action. Nothing changed. HELP gives examples; name the person or object when returning t
shop_seen_evidence	clarified	conversation:absent	buy the photo	Sable isn't here to continue that conversation. They are at the bar during staffed evenings, except for their 
shop_seen_evidence	handled	conversation:photo	how much is the photograph	‘Can I see the photograph?’ Vesper asks.
shop_seen_evidence	rejected	language-verb:show (handler detail not recorded)	how much	I couldn't place that action. Nothing changed. HELP gives examples; name the person or object when returning t
shop_seen_evidence	rejected	language-verb:buy (handler detail not recorded)	can I buy this	I couldn't place that action. Nothing changed. HELP gives examples; name the person or object when returning t
shop_seen_evidence	handled	object:take	take photo	You take the photograph. You recognise the details you read earlier.
shop_seen_evidence	handled	object:take	take the photograph	You take the photograph. You recognise the details you read earlier.
shop_seen_evidence	handled	object:examine	examine listing	The shop's lot record accompanies an independently printed closing-event listing. The date, venue layout, deco
shop_seen_evidence	handled	object:examine	read the listing	The shop's lot record accompanies an independently printed closing-event listing. The date, venue layout, deco
shop_seen_evidence	handled	conversation:listing	what's the listing	Vesper asks to see the separate listing.
shop_seen_evidence	handled	conversation:listing	ask about the listing	Vesper asks to see the separate listing.
shop_seen_evidence	rejected	language-verb:where (handler detail not recorded)	where did you get this	I couldn't place that action. Nothing changed. HELP gives examples; name the person or object when returning t
shop_seen_evidence	rejected	language-verb:where (handler detail not recorded)	where did this come from	I couldn't place that action. Nothing changed. HELP gives examples; name the person or object when returning t
shop_seen_evidence	clarified	conversation:absent	is that sable	Sable isn't here to continue that conversation. They are at the bar during staffed evenings, except for their 
shop_seen_evidence	clarified	conversation:absent	that's sable	Sable isn't here to continue that conversation. They are at the bar during staffed evenings, except for their 
shop_seen_evidence	clarified	conversation:absent	this looks like sable	Sable isn't here to continue that conversation. They are at the bar during staffed evenings, except for their 
shop_seen_evidence	rejected	language-verb:borrow (handler detail not recorded)	can I borrow this	I couldn't place that action. Nothing changed. HELP gives examples; name the person or object when returning t
shop_seen_evidence	clarified	action:unknown-object	can I take this	I couldn't identify a supported object for that action. Name the menu or a visible evidence item; no object ha
shop_seen_evidence	clarified	conversation:absent	vesper, can I take the photograph	Sable isn't here to continue that conversation. They are at the bar during staffed evenings, except for their 
shop_seen_evidence	rejected	language-verb:show (handler detail not recorded)	show vesper the photo	You need to be holding it first.
shop_seen_evidence	clarified	interaction:clarify	tell vesper about sable	There is more than one person or subject in that request. Please choose one; nothing has changed.
shop_seen_evidence	rejected	language-verb:does (handler detail not recorded)	does vesper know sable	I couldn't place that action. Nothing changed. HELP gives examples; name the person or object when returning t
shop_seen_evidence	rejected	language-verb:what (handler detail not recorded)	what do you sell	I couldn't place that action. Nothing changed. HELP gives examples; name the person or object when returning t
shop_seen_evidence	rejected	language-verb:what's (handler detail not recorded)	what's for sale	I couldn't place that action. Nothing changed. HELP gives examples; name the person or object when returning t
shop_seen_evidence	clarified	conversation:absent	do you know sable	Sable isn't here to continue that conversation. They are at the bar during staffed evenings, except for their 
shop_seen_evidence	rejected	language-verb:thank (handler detail not recorded)	thanks vesper	I couldn't place that action. Nothing changed. HELP gives examples; name the person or object when returning t
shop_seen_evidence	rejected	language-verb:bye (handler detail not recorded)	bye vesper	I couldn't place that action. Nothing changed. HELP gives examples; name the person or object when returning t
shop_seen_evidence	handled	language-verb:go (handler detail not recorded)	go back to the bar	You go to The Velvet Corner. | The Velvet Corner: warm light on a worn wooden counter, shelves of mismatched g
shop_seen_evidence	rejected	language-verb:bar (handler detail not recorded)	bar	I couldn't place that action. Nothing changed. HELP gives examples; name the person or object when returning t
shop_seen_evidence	rejected	language-verb:back (handler detail not recorded)	back	I couldn't place that action. Nothing changed. HELP gives examples; name the person or object when returning t
shop_seen_evidence	handled	language-verb:leave (handler detail not recorded)	leave	You go to The Velvet Corner. | The Velvet Corner: warm light on a worn wooden counter, shelves of mismatched g
shop_seen_evidence	handled	language-verb:go (handler detail not recorded)	go to the bar	You go to The Velvet Corner. | The Velvet Corner: warm light on a worn wooden counter, shelves of mismatched g
bar_holding_evidence	clarified	conversation:missing-topic	no	That conversation has been interrupted. Name the person and topic so they can answer what you mean.
bar_holding_evidence	clarified	conversation:missing-topic	yes	That conversation has been interrupted. Name the person and topic so they can answer what you mean.
bar_holding_evidence	handled	conversation:opinion	no it doesn't sound threatening	Sable lets their shoulders drop. ‘Good. If it doesn't sound threatening, I can send it as it is. I only want t
bar_holding_evidence	rejected	language-verb:a (handler detail not recorded)	a little	I couldn't place that action. Nothing changed. HELP gives examples; name the person or object when returning t
bar_holding_evidence	rejected	language-verb:sounds (handler detail not recorded)	sounds fine to me	I couldn't place that action. Nothing changed. HELP gives examples; name the person or object when returning t
bar_holding_evidence	rejected	language-verb:it (handler detail not recorded)	it sounds fine	I couldn't place that action. Nothing changed. HELP gives examples; name the person or object when returning t
bar_holding_evidence	rejected	language-verb:not (handler detail not recorded)	not really	No action taken. Say what you want to do when you've decided.
bar_holding_evidence	rejected	language-verb:maybe (handler detail not recorded)	maybe	No action taken. Say what you want to do when you've decided.
bar_holding_evidence	rejected	language-verb:inventory (handler detail not recorded)	I think it's fine	I couldn't place that action. Nothing changed. HELP gives examples; name the person or object when returning t
bar_holding_evidence	rejected	language-verb:it's (handler detail not recorded)	it's a bit much	I couldn't place that action. Nothing changed. HELP gives examples; name the person or object when returning t
bar_holding_evidence	clarified	action:unknown-object	examine pencil	I couldn't identify a supported object for that action. Name the menu or a visible evidence item; no object ha
bar_holding_evidence	clarified	action:unknown-object	look at the pencil	I couldn't identify a supported object for that action. Name the menu or a visible evidence item; no object ha
bar_holding_evidence	rejected	language-verb:tell (handler detail not recorded)	tell me about the pencil	I couldn't place that action. Nothing changed. HELP gives examples; name the person or object when returning t
bar_holding_evidence	clarified	action:unknown-object	x counter	I couldn't identify a supported object for that action. Name the menu or a visible evidence item; no object ha
bar_holding_evidence	handled	object:examine	look at the counter	A worn wooden serving counter. You can set a held object on it.
bar_holding_evidence	clarified	action:unknown-object	look at the glasses	I couldn't identify a supported object for that action. Name the menu or a visible evidence item; no object ha
bar_holding_evidence	clarified	action:unknown-object	look at the shelves	I couldn't identify a supported object for that action. Name the menu or a visible evidence item; no object ha
bar_holding_evidence	clarified	action:unknown-object	look at the speakers	I couldn't identify a supported object for that action. Name the menu or a visible evidence item; no object ha
bar_holding_evidence	rejected	language-verb:search (handler detail not recorded)	look behind the curtain	I couldn't place that action. Nothing changed. HELP gives examples; name the person or object when returning t
bar_holding_evidence	clarified	action:unknown-object	examine curtain	I couldn't identify a supported object for that action. Name the menu or a visible evidence item; no object ha
bar_holding_evidence	rejected	language-verb:go (handler detail not recorded)	go through the curtain	You can go to the bar, shop, booth or home.
bar_holding_evidence	rejected	language-verb:search (handler detail not recorded)	look under the counter	I couldn't place that action. Nothing changed. HELP gives examples; name the person or object when returning t
bar_holding_evidence	clarified	action:unknown-object	look at the lids	I couldn't identify a supported object for that action. Name the menu or a visible evidence item; no object ha
bar_holding_evidence	clarified	action:unknown-object	examine the box	I couldn't identify a supported object for that action. Name the menu or a visible evidence item; no object ha
bar_holding_evidence	clarified	action:unknown-object	look at the box of lids	I couldn't identify a supported object for that action. Name the menu or a visible evidence item; no object ha
bar_holding_evidence	clarified	action:unknown-object	look at sable	I couldn't identify a supported object for that action. Name the menu or a visible evidence item; no object ha
bar_holding_evidence	clarified	action:unknown-object	examine sable	I couldn't identify a supported object for that action. Name the menu or a visible evidence item; no object ha
bar_holding_evidence	clarified	action:unknown-object	x sable	I couldn't identify a supported object for that action. Name the menu or a visible evidence item; no object ha
bar_holding_evidence	clarified	action:unknown-object	look at the bass line	I couldn't identify a supported object for that action. Name the menu or a visible evidence item; no object ha
bar_holding_evidence	clarified	conversation:missing-topic	listen	That conversation has been interrupted. Name the person and topic so they can answer what you mean.
bar_holding_evidence	clarified	conversation:opinion-clarify	listen to the music	What do you mean about music?
bar_holding_evidence	rejected	language-verb:smell (handler detail not recorded)	smell	I couldn't place that action. Nothing changed. HELP gives examples; name the person or object when returning t
bar_holding_evidence	rejected	language-verb:smell (handler detail not recorded)	smell the coffee	I couldn't place that action. Nothing changed. HELP gives examples; name the person or object when returning t
bar_holding_evidence	rejected	language-verb:touch (handler detail not recorded)	touch the counter	I couldn't place that action. Nothing changed. HELP gives examples; name the person or object when returning t
bar_holding_evidence	rejected	language-verb:sit (handler detail not recorded)	sit down	I couldn't place that action. Nothing changed. HELP gives examples; name the person or object when returning t
bar_holding_evidence	rejected	language-verb:sit (handler detail not recorded)	sit at the counter	I couldn't place that action. Nothing changed. HELP gives examples; name the person or object when returning t
bar_holding_evidence	rejected	language-verb:stand (handler detail not recorded)	stand up	I couldn't place that action. Nothing changed. HELP gives examples; name the person or object when returning t
bar_holding_evidence	handled	object:examine	read menu	The menu: tea, coffee and water. Minor Administrative Disappointment is citrus cordial and soda, alcohol-free 
bar_holding_evidence	handled	object:examine	read the menu	The menu: tea, coffee and water. Minor Administrative Disappointment is citrus cordial and soda, alcohol-free 
bar_holding_evidence	handled	inspect:menu	x menu	The menu: tea, coffee and water. Minor Administrative Disappointment is citrus cordial and soda, alcohol-free 
bar_holding_evidence	rejected	language-verb:inventory (handler detail not recorded)	i	I couldn't place that action. Nothing changed. HELP gives examples; name the person or object when returning t
bar_holding_evidence	handled	language-verb:inventory (handler detail not recorded)	inventory	photograph | provenance listing | satchel (open) | Contents of closed bags are carried but must be opened befo
bar_holding_evidence	handled	language-verb:wait (handler detail not recorded)	wait	You wait 10 minutes.
bar_holding_evidence	rejected	language-verb:wait (handler detail not recorded)	z	Wait between one minute and one day, or rest until tomorrow at home.
bar_holding_evidence	rejected	language-verb:gin (handler detail not recorded)	gin	I couldn't place that action. Nothing changed. HELP gives examples; name the person or object when returning t
bar_holding_evidence	rejected	language-verb:ask (handler detail not recorded)	ask for gin	I couldn't place that action. Nothing changed. HELP gives examples; name the person or object when returning t
bar_holding_evidence	rejected	language-verb:a (handler detail not recorded)	a gin please	I couldn't place that action. Nothing changed. HELP gives examples; name the person or object when returning t
bar_holding_evidence	rejected	language-verb:the (handler detail not recorded)	the special with gin	I couldn't place that action. Nothing changed. HELP gives examples; name the person or object when returning t
bar_holding_evidence	handled	conversation:order-drink	order the special	Sable sets a glass of alcohol-free special within reach. ‘Minor Administrative Disappointment: citrus cordial 
bar_holding_evidence	handled	conversation:order-drink	order coffee	Sable sets a cup of coffee within reach. ‘Coffee. Smells more awake than either of us.’
bar_holding_evidence	handled	conversation:order-drink	tea please	Sable sets a cup of tea within reach. ‘Tea. I'll give it a minute before asking it anything difficult.’
bar_holding_evidence	handled	conversation:order-drink	can I get a tea	Sable sets a cup of tea within reach. ‘Tea. I'll give it a minute before asking it anything difficult.’
bar_holding_evidence	handled	conversation:order-drink	can I have a coffee please	Sable sets a cup of coffee within reach. ‘Coffee. Smells more awake than either of us.’
bar_holding_evidence	handled	conversation:order-drink	another coffee	Sable sets a cup of coffee within reach. ‘Coffee. Smells more awake than either of us.’
bar_holding_evidence	rejected	language-verb:same (handler detail not recorded)	same again	I couldn't place that action. Nothing changed. HELP gives examples; name the person or object when returning t
bar_holding_evidence	handled	conversation:order-drink	I'll have a water	Sable sets a glass of water within reach. ‘Water. No garnish trying to escape into your nose.’
bar_holding_evidence	clarified	action:unknown-object	give me water	I couldn't identify a supported object for that action. Name the menu or a visible evidence item; no object ha
bar_holding_evidence	rejected	language-verb:one (handler detail not recorded)	one coffee	I couldn't place that action. Nothing changed. HELP gives examples; name the person or object when returning t
bar_holding_evidence	handled	conversation:order-drink	coffee please	Sable sets a cup of coffee within reach. ‘Coffee. Smells more awake than either of us.’
bar_holding_evidence	rejected	language-verb:a (handler detail not recorded)	a cup of tea	I couldn't place that action. Nothing changed. HELP gives examples; name the person or object when returning t
bar_holding_evidence	rejected	language-verb:what (handler detail not recorded)	what do you have	I couldn't place that action. Nothing changed. HELP gives examples; name the person or object when returning t
bar_holding_evidence	rejected	language-verb:what's (handler detail not recorded)	what's good	I couldn't place that action. Nothing changed. HELP gives examples; name the person or object when returning t
bar_holding_evidence	rejected	language-verb:what (handler detail not recorded)	what do you recommend	I couldn't place that action. Nothing changed. HELP gives examples; name the person or object when returning t
bar_holding_evidence	handled	conversation:menu	can I see the menu	The menu: tea, coffee and water. Minor Administrative Disappointment is citrus cordial and soda, alcohol-free 
bar_holding_evidence	handled	conversation:menu	menu	The menu: tea, coffee and water. Minor Administrative Disappointment is citrus cordial and soda, alcohol-free 
bar_holding_evidence	handled	conversation:plans	hi	Sable: ‘Twelve lids, no jars. I've asked the supplier to send the missing jars rather than another apology. Th
bar_holding_evidence	handled	conversation:plans	hello sable	Sable: ‘Twelve lids, no jars. I've asked the supplier to send the missing jars rather than another apology. Th
bar_holding_evidence	handled	conversation:plans	hey	Sable: ‘Twelve lids, no jars. I've asked the supplier to send the missing jars rather than another apology. Th
bar_holding_evidence	clarified	conversation:missing-topic	how's it going	Which subject do you mean? Name what you want to ask Sable about. Your previous question or offer is still ope
bar_holding_evidence	handled	conversation:plans	how are you	Sable: ‘Twelve lids, no jars. I've asked the supplier to send the missing jars rather than another apology. Th
bar_holding_evidence	rejected	language-verb:what's (handler detail not recorded)	what's new	I couldn't place that action. Nothing changed. HELP gives examples; name the person or object when returning t
bar_holding_evidence	rejected	language-verb:what's (handler detail not recorded)	what's up	I couldn't place that action. Nothing changed. HELP gives examples; name the person or object when returning t
bar_holding_evidence	handled	conversation:plans	how's your night	Sable: ‘Twelve lids, no jars. I've asked the supplier to send the missing jars rather than another apology. Th
bar_holding_evidence	rejected	language-verb:tell (handler detail not recorded)	tell me about yourself	I couldn't place that action. Nothing changed. HELP gives examples; name the person or object when returning t
bar_holding_evidence	rejected	language-verb:who (handler detail not recorded)	who are you	I couldn't place that action. Nothing changed. HELP gives examples; name the person or object when returning t
bar_holding_evidence	rejected	language-verb:what (handler detail not recorded)	what do you do	I couldn't place that action. Nothing changed. HELP gives examples; name the person or object when returning t
bar_holding_evidence	rejected	language-verb:show (handler detail not recorded)	how long have you worked here	I couldn't place that action. Nothing changed. HELP gives examples; name the person or object when returning t
bar_holding_evidence	rejected	language-verb:do (handler detail not recorded)	do you like it here	I couldn't place that action. Nothing changed. HELP gives examples; name the person or object when returning t
bar_holding_evidence	rejected	language-verb:do (handler detail not recorded)	do you like working here	I couldn't place that action. Nothing changed. HELP gives examples; name the person or object when returning t
bar_holding_evidence	handled	conversation:party	what's the octopus for	‘The octopus is decoration,’ Sable says. ‘At least until someone gives it a name and starts taking its opinion
bar_holding_evidence	handled	conversation:party	tell me about the prom	‘Next themed evening: Deep Sea Prom. I have borrowed a smoke machine and underestimated the dignity of a rubbe
bar_holding_evidence	handled	conversation:supplier	tell me about the supplier	Sable: ‘Twelve lids, no jars. I've asked the supplier to send the missing jars rather than another apology. Th
bar_holding_evidence	rejected	language-verb:what's (handler detail not recorded)	what's wrong	I couldn't place that action. Nothing changed. HELP gives examples; name the person or object when returning t
bar_holding_evidence	rejected	language-verb:you (handler detail not recorded)	you seem tired	I couldn't place that action. Nothing changed. HELP gives examples; name the person or object when returning t
bar_holding_evidence	rejected	language-verb:you (handler detail not recorded)	you ok?	I couldn't place that action. Nothing changed. HELP gives examples; name the person or object when returning t
bar_holding_evidence	rejected	language-verb:are (handler detail not recorded)	are you alright	I couldn't place that action. Nothing changed. HELP gives examples; name the person or object when returning t
bar_holding_evidence	rejected	language-verb:nice (handler detail not recorded)	nice place	I couldn't place that action. Nothing changed. HELP gives examples; name the person or object when returning t
bar_holding_evidence	rejected	language-verb:inventory (handler detail not recorded)	I like it here	I couldn't place that action. Nothing changed. HELP gives examples; name the person or object when returning t
bar_holding_evidence	handled	conversation:plans	busy night?	Sable: ‘Twelve lids, no jars. I've asked the supplier to send the missing jars rather than another apology. Th
bar_holding_evidence	handled	conversation:supplier	what's the story with the lids	Sable: ‘Twelve lids, no jars. I've asked the supplier to send the missing jars rather than another apology. Th
bar_holding_evidence	handled	conversation:supplier	who is the supplier	Sable: ‘Twelve lids, no jars. I've asked the supplier to send the missing jars rather than another apology. Th
bar_holding_evidence	rejected	language-verb:what's (handler detail not recorded)	what's the special	I couldn't place that action. Nothing changed. HELP gives examples; name the person or object when returning t
bar_holding_evidence	handled	conversation:party	tell me about the deep sea prom	‘Next themed evening: Deep Sea Prom. I have borrowed a smoke machine and underestimated the dignity of a rubbe
bar_holding_evidence	handled	conversation:party	when's the prom	Sable: ‘Deep Sea Prom still needs snacks and someone to keep the smoke machine under control. The octopus can 
bar_holding_evidence	clarified	conversation:opinion-clarify	can I come to the prom	What do you mean about party?
bar_holding_evidence	rejected	language-verb:what's (handler detail not recorded)	what's this place called	I couldn't place that action. Nothing changed. HELP gives examples; name the person or object when returning t
bar_holding_evidence	rejected	language-verb:show (handler detail not recorded)	how long has the bar been here	I couldn't place that action. Nothing changed. HELP gives examples; name the person or object when returning t
bar_holding_evidence	rejected	language-verb:do (handler detail not recorded)	do you own the bar	I couldn't place that action. Nothing changed. HELP gives examples; name the person or object when returning t
bar_holding_evidence	rejected	language-verb:who (handler detail not recorded)	who owns this place	I couldn't place that action. Nothing changed. HELP gives examples; name the person or object when returning t
bar_holding_evidence	rejected	language-verb:what's (handler detail not recorded)	what's next door	I couldn't place that action. Nothing changed. HELP gives examples; name the person or object when returning t
bar_holding_evidence	rejected	language-verb:what's (handler detail not recorded)	what's in the shop	I couldn't place that action. Nothing changed. HELP gives examples; name the person or object when returning t
bar_holding_evidence	rejected	language-verb:who (handler detail not recorded)	who runs the shop	I couldn't place that action. Nothing changed. HELP gives examples; name the person or object when returning t
bar_holding_evidence	rejected	language-verb:who (handler detail not recorded)	who is vesper	I couldn't place that action. Nothing changed. HELP gives examples; name the person or object when returning t
bar_holding_evidence	clarified	conversation:unsupported	tell me about vesper	Trial limitation: there is no response for that request yet. You can ask about something Vesper has mentioned.
bar_holding_evidence	rejected	language-verb:do (handler detail not recorded)	do you know vesper	I couldn't place that action. Nothing changed. HELP gives examples; name the person or object when returning t
bar_holding_evidence	rejected	language-verb:what's (handler detail not recorded)	what's beyond the curtain	I couldn't place that action. Nothing changed. HELP gives examples; name the person or object when returning t
bar_holding_evidence	rejected	language-verb:what's (handler detail not recorded)	what's in the booth	I couldn't place that action. Nothing changed. HELP gives examples; name the person or object when returning t
bar_holding_evidence	rejected	language-verb:can (handler detail not recorded)	can we talk somewhere quiet	I couldn't place that action. Nothing changed. HELP gives examples; name the person or object when returning t
bar_holding_evidence	handled	language-verb:can (handler detail not recorded)	can we talk privately	Sable agrees to a few quiet minutes and joins you in the booth. | The quiet booth has a low table and a lamp t
bar_holding_evidence	rejected	language-verb:smell (handler detail not recorded)	smells good	I couldn't place that action. Nothing changed. HELP gives examples; name the person or object when returning t
bar_holding_evidence	rejected	language-verb:that's (handler detail not recorded)	that's funny	I couldn't place that action. Nothing changed. HELP gives examples; name the person or object when returning t
bar_holding_evidence	rejected	language-verb:lol (handler detail not recorded)	lol	I couldn't place that action. Nothing changed. HELP gives examples; name the person or object when returning t
bar_holding_evidence	rejected	language-verb:ha (handler detail not recorded)	ha	I couldn't place that action. Nothing changed. HELP gives examples; name the person or object when returning t
bar_holding_evidence	rejected	language-verb:nice (handler detail not recorded)	nice	I couldn't place that action. Nothing changed. HELP gives examples; name the person or object when returning t
bar_holding_evidence	rejected	language-verb:good (handler detail not recorded)	good one	I couldn't place that action. Nothing changed. HELP gives examples; name the person or object when returning t
bar_holding_evidence	rejected	language-verb:sorry (handler detail not recorded)	sorry	I couldn't place that action. Nothing changed. HELP gives examples; name the person or object when returning t
bar_holding_evidence	rejected	language-verb:i'm (handler detail not recorded)	I'm tired	I couldn't place that action. Nothing changed. HELP gives examples; name the person or object when returning t
bar_holding_evidence	handled	conversation:thanks	thanks	Sable smiles. ‘You're welcome.’
bar_holding_evidence	handled	conversation:thanks	thank you	Sable smiles. ‘You're welcome.’
bar_holding_evidence	handled	conversation:thanks	thanks sable	Sable smiles. ‘You're welcome.’
bar_holding_evidence	handled	conversation:thanks	cheers	Sable smiles. ‘You're welcome.’
bar_holding_evidence	handled	conversation:goodbye	bye	‘Get home all right,’ Sable says. ‘It was good to see you.’
bar_holding_evidence	handled	conversation:goodbye	goodbye	‘Get home all right,’ Sable says. ‘It was good to see you.’
bar_holding_evidence	handled	conversation:goodbye	see you	‘Get home all right,’ Sable says. ‘It was good to see you.’
bar_holding_evidence	handled	conversation:goodbye	goodnight	‘Get home all right,’ Sable says. ‘It was good to see you.’
bar_holding_evidence	handled	conversation:goodbye	good night sable	‘Get home all right,’ Sable says. ‘It was good to see you.’
bar_holding_evidence	clarified	action:unknown-object	take care	I couldn't identify a supported object for that action. Name the menu or a visible evidence item; no object ha
bar_holding_evidence	rejected	language-verb:you're (handler detail not recorded)	you're funny	I couldn't place that action. Nothing changed. HELP gives examples; name the person or object when returning t
bar_holding_evidence	rejected	language-verb:inventory (handler detail not recorded)	I like you	I couldn't place that action. Nothing changed. HELP gives examples; name the person or object when returning t
bar_holding_evidence	rejected	language-verb:you're (handler detail not recorded)	you're good at this	I couldn't place that action. Nothing changed. HELP gives examples; name the person or object when returning t
bar_holding_evidence	rejected	language-verb:that (handler detail not recorded)	that was good	I couldn't place that action. Nothing changed. HELP gives examples; name the person or object when returning t
bar_holding_evidence	rejected	language-verb:great (handler detail not recorded)	great coffee	I couldn't place that action. Nothing changed. HELP gives examples; name the person or object when returning t
bar_holding_evidence	rejected	language-verb:this (handler detail not recorded)	this is nice	I couldn't place that action. Nothing changed. HELP gives examples; name the person or object when returning t
bar_holding_evidence	rejected	language-verb:i'm (handler detail not recorded)	I'm glad I came	I couldn't place that action. Nothing changed. HELP gives examples; name the person or object when returning t
bar_holding_evidence	rejected	language-verb:inventory (handler detail not recorded)	I missed you	I couldn't place that action. Nothing changed. HELP gives examples; name the person or object when returning t
bar_holding_evidence	rejected	language-verb:show (handler detail not recorded)	how was your day	I couldn't place that action. Nothing changed. HELP gives examples; name the person or object when returning t
bar_holding_evidence	handled	language-verb:go (handler detail not recorded)	go to shop	You go to Secondhand shop. | Vesper is sorting a photographer's clearance lot. The photograph and provenance l
bar_holding_evidence	clarified	action:unknown-object	shop	I couldn't identify a supported object for that action. Name the menu or a visible evidence item; no object ha
bar_holding_evidence	rejected	language-verb:text (handler detail not recorded)	next door	I couldn't place that action. Nothing changed. HELP gives examples; name the person or object when returning t
bar_holding_evidence	rejected	language-verb:go (handler detail not recorded)	go next door	You can go to the bar, shop, booth or home.
bar_holding_evidence	handled	language-verb:leave (handler detail not recorded)	leave	You go to The Velvet Corner.
bar_holding_evidence	handled	language-verb:go (handler detail not recorded)	go outside	You go to The Velvet Corner.
bar_holding_evidence	handled	language-verb:go (handler detail not recorded)	go home	You go to Your apartment. | Your apartment. The kettle has no theories. You can return to the bar or shop, or 
bar_holding_evidence	handled	language-verb:go (handler detail not recorded)	home	You go to Your apartment. | Your apartment. The kettle has no theories. You can return to the bar or shop, or 
bar_holding_evidence	handled	language-verb:go (handler detail not recorded)	go to booth	You go to The quiet booth. | The quiet booth has a low table and a shaded lamp. It is empty. Ask Sable at the 
bar_holding_evidence	rejected	language-verb:booth (handler detail not recorded)	booth	I couldn't place that action. Nothing changed. HELP gives examples; name the person or object when returning t
bar_holding_evidence	rejected	language-verb:curtain (handler detail not recorded)	curtain	I couldn't place that action. Nothing changed. HELP gives examples; name the person or object when returning t
bar_holding_evidence	handled	language-verb:enter (handler detail not recorded)	enter booth	You go to The quiet booth. | The quiet booth has a low table and a shaded lamp. It is empty. Ask Sable at the 
bar_holding_evidence	rejected	language-verb:sit (handler detail not recorded)	sit in booth	I couldn't place that action. Nothing changed. HELP gives examples; name the person or object when returning t
bar_holding_evidence	handled	language-verb:go (handler detail not recorded)	go to the quiet booth	You go to The quiet booth. | The quiet booth has a low table and a shaded lamp. It is empty. Ask Sable at the 
bar_holding_evidence	handled	language-verb:go (handler detail not recorded)	walk to the shop	You go to Secondhand shop. | Vesper is sorting a photographer's clearance lot. The photograph and provenance l
bar_holding_evidence	rejected	language-verb:visit (handler detail not recorded)	visit vesper	I couldn't place that action. Nothing changed. HELP gives examples; name the person or object when returning t
bar_holding_evidence	rejected	language-verb:go (handler detail not recorded)	go see vesper	You can go to the bar, shop, booth or home.
bar_holding_evidence	handled	language-verb:go (handler detail not recorded)	head home	You go to Your apartment. | Your apartment. The kettle has no theories. You can return to the bar or shop, or 
bar_holding_evidence	rejected	language-verb:go (handler detail not recorded)	go back	You can go to the bar, shop, booth or home.
bar_holding_evidence	rejected	language-verb:leave (handler detail not recorded)	exit	I couldn't place that action. Nothing changed. HELP gives examples; name the person or object when returning t
bar_holding_evidence	clarified	action:unknown-object	out	I couldn't identify a supported object for that action. Name the menu or a visible evidence item; no object ha
bar_holding_evidence	rejected	language-verb:go (handler detail not recorded)	n	I couldn't place that action. Nothing changed. HELP gives examples; name the person or object when returning t
bar_holding_evidence	rejected	language-verb:go (handler detail not recorded)	north	I couldn't place that action. Nothing changed. HELP gives examples; name the person or object when returning t
bar_holding_evidence	handled	help:controls	help	Type a short action or a reply in your own words. LOOK describes your surroundings; INVENTORY shows belongings
bar_holding_evidence	handled	help:spoilers	hint	Optional puzzle guidance — contains spoilers: | Try TALK TO SABLE, ASK SABLE ABOUT THEIR MEMORIES, ORDER TEA, 
bar_holding_evidence	handled	language-verb:journal (handler detail not recorded)	journal	Your notes — observations, accounts and uncertainties: | A clearance print from a venue photographer's lot. Sa
bar_holding_evidence	handled	think:private	think	Private: Three weeks here. The bar has started to have familiar sounds: glass on wood, the fridge catching, Sa
bar_holding_evidence	rejected	language-verb:save (handler detail not recorded)	save	I couldn't place that action. Nothing changed. HELP gives examples; name the person or object when returning t
bar_holding_evidence	rejected	language-verb:quit (handler detail not recorded)	quit	I couldn't place that action. Nothing changed. HELP gives examples; name the person or object when returning t
bar_holding_evidence	handled	language-verb:look (handler detail not recorded)	look	The Velvet Corner: warm light on a worn wooden counter, shelves of mismatched glasses and a soft bass line fro
bar_holding_evidence	clarified	action:unknown-object	l	I couldn't identify a supported object for that action. Name the menu or a visible evidence item; no object ha
bar_holding_evidence	rejected	language-verb:lok (handler detail not recorded)	lok	I couldn't place that action. Nothing changed. HELP gives examples; name the person or object when returning t
bar_holding_evidence	clarified	conversation:missing-topic	tlak to sable	Which subject do you mean? Name what you want to ask Sable about. Your previous question or offer is still ope
bar_holding_evidence	rejected	language-verb:coffe (handler detail not recorded)	coffe please	I couldn't place that action. Nothing changed. HELP gives examples; name the person or object when returning t
bar_holding_evidence	rejected	language-verb:watre (handler detail not recorded)	watre	I couldn't place that action. Nothing changed. HELP gives examples; name the person or object when returning t
bar_holding_evidence	rejected	language-verb:help (handler detail not recorded)	helo	I couldn't place that action. Nothing changed. HELP gives examples; name the person or object when returning t
bar_holding_evidence	handled	conversation:plans	hi sabel	Sable: ‘Twelve lids, no jars. I've asked the supplier to send the missing jars rather than another apology. Th
bar_after_show	clarified	conversation:proposal-ambiguity	no	Sable mentioned an examination and taking time to document things. Which part are you responding to? You can n
bar_after_show	clarified	conversation:proposal-ambiguity	yes	Sable mentioned an examination and taking time to document things. Which part are you responding to? You can n
bar_after_show	handled	conversation:opinion	no it doesn't sound threatening	Sable lets their shoulders drop. ‘Good. If it doesn't sound threatening, I can send it as it is. I only want t
bar_after_show	clarified	conversation:missing-topic	a little	Which subject do you mean? Name what you want to ask Sable about. Your previous question or offer is still ope
bar_after_show	clarified	conversation:missing-topic	sounds fine to me	Which subject do you mean? Name what you want to ask Sable about. Your previous question or offer is still ope
bar_after_show	clarified	conversation:missing-topic	it sounds fine	Which subject do you mean? Name what you want to ask Sable about. Your previous question or offer is still ope
bar_after_show	rejected	language-verb:not (handler detail not recorded)	not really	No action taken. Say what you want to do when you've decided.
bar_after_show	rejected	language-verb:maybe (handler detail not recorded)	maybe	No action taken. Say what you want to do when you've decided.
bar_after_show	clarified	conversation:missing-topic	I think it's fine	Which subject do you mean? Name what you want to ask Sable about. Your previous question or offer is still ope
bar_after_show	clarified	conversation:missing-topic	it's a bit much	Which subject do you mean? Name what you want to ask Sable about. Your previous question or offer is still ope
bar_after_show	clarified	action:unknown-object	examine pencil	I couldn't identify a supported object for that action. Name the menu or a visible evidence item; no object ha
bar_after_show	clarified	action:unknown-object	look at the pencil	I couldn't identify a supported object for that action. Name the menu or a visible evidence item; no object ha
bar_after_show	clarified	conversation:missing-topic	tell me about the pencil	Which subject do you mean? Name what you want to ask Sable about. Your previous question or offer is still ope
bar_after_show	clarified	action:unknown-object	x counter	I couldn't identify a supported object for that action. Name the menu or a visible evidence item; no object ha
bar_after_show	handled	object:examine	look at the counter	A worn wooden serving counter. You can set a held object on it.
bar_after_show	clarified	action:unknown-object	look at the glasses	I couldn't identify a supported object for that action. Name the menu or a visible evidence item; no object ha
bar_after_show	clarified	action:unknown-object	look at the shelves	I couldn't identify a supported object for that action. Name the menu or a visible evidence item; no object ha
bar_after_show	clarified	action:unknown-object	look at the speakers	I couldn't identify a supported object for that action. Name the menu or a visible evidence item; no object ha
bar_after_show	clarified	conversation:missing-topic	look behind the curtain	Which subject do you mean? Name what you want to ask Sable about. Your previous question or offer is still ope
bar_after_show	clarified	action:unknown-object	examine curtain	I couldn't identify a supported object for that action. Name the menu or a visible evidence item; no object ha
bar_after_show	rejected	language-verb:go (handler detail not recorded)	go through the curtain	You can go to the bar, shop, booth or home.
bar_after_show	clarified	conversation:missing-topic	look under the counter	Which subject do you mean? Name what you want to ask Sable about. Your previous question or offer is still ope
bar_after_show	clarified	action:unknown-object	look at the lids	I couldn't identify a supported object for that action. Name the menu or a visible evidence item; no object ha
bar_after_show	clarified	action:unknown-object	examine the box	I couldn't identify a supported object for that action. Name the menu or a visible evidence item; no object ha
bar_after_show	clarified	action:unknown-object	look at the box of lids	I couldn't identify a supported object for that action. Name the menu or a visible evidence item; no object ha
bar_after_show	clarified	action:unknown-object	look at sable	I couldn't identify a supported object for that action. Name the menu or a visible evidence item; no object ha
bar_after_show	clarified	action:unknown-object	examine sable	I couldn't identify a supported object for that action. Name the menu or a visible evidence item; no object ha
bar_after_show	clarified	action:unknown-object	x sable	I couldn't identify a supported object for that action. Name the menu or a visible evidence item; no object ha
bar_after_show	clarified	action:unknown-object	look at the bass line	I couldn't identify a supported object for that action. Name the menu or a visible evidence item; no object ha
bar_after_show	handled	language-verb:listen (handler detail not recorded)	listen	You leave room for silence. Sable puts the pencil down. ‘All right. We don't need to fill every second.’
bar_after_show	clarified	conversation:opinion-clarify	listen to the music	What do you mean about music?
bar_after_show	clarified	conversation:missing-topic	smell	Which subject do you mean? Name what you want to ask Sable about. Your previous question or offer is still ope
bar_after_show	clarified	conversation:missing-topic	smell the coffee	Which subject do you mean? Name what you want to ask Sable about. Your previous question or offer is still ope
bar_after_show	clarified	conversation:missing-topic	touch the counter	Which subject do you mean? Name what you want to ask Sable about. Your previous question or offer is still ope
bar_after_show	clarified	conversation:missing-topic	sit down	Which subject do you mean? Name what you want to ask Sable about. Your previous question or offer is still ope
bar_after_show	clarified	conversation:missing-topic	sit at the counter	Which subject do you mean? Name what you want to ask Sable about. Your previous question or offer is still ope
bar_after_show	clarified	conversation:missing-topic	stand up	Which subject do you mean? Name what you want to ask Sable about. Your previous question or offer is still ope
bar_after_show	handled	object:examine	read menu	The menu: tea, coffee and water. Minor Administrative Disappointment is citrus cordial and soda, alcohol-free 
bar_after_show	handled	object:examine	read the menu	The menu: tea, coffee and water. Minor Administrative Disappointment is citrus cordial and soda, alcohol-free 
bar_after_show	handled	inspect:menu	x menu	The menu: tea, coffee and water. Minor Administrative Disappointment is citrus cordial and soda, alcohol-free 
bar_after_show	clarified	conversation:missing-topic	i	Which subject do you mean? Name what you want to ask Sable about. Your previous question or offer is still ope
bar_after_show	handled	language-verb:inventory (handler detail not recorded)	inventory	photograph | provenance listing | satchel (open) | Contents of closed bags are carried but must be opened befo
bar_after_show	handled	language-verb:wait (handler detail not recorded)	wait	You wait 10 minutes. | Sable: ‘I've decided. The photo and independent listing conflict with my hospital accou
bar_after_show	rejected	language-verb:wait (handler detail not recorded)	z	Wait between one minute and one day, or rest until tomorrow at home.
bar_after_show	clarified	conversation:missing-topic	gin	Which subject do you mean? Name what you want to ask Sable about. Your previous question or offer is still ope
bar_after_show	clarified	conversation:missing-topic	ask for gin	Which subject do you mean? Name what you want to ask Sable about. Your previous question or offer is still ope
bar_after_show	clarified	conversation:missing-topic	a gin please	Which subject do you mean? Name what you want to ask Sable about. Your previous question or offer is still ope
bar_after_show	clarified	conversation:missing-topic	the special with gin	Which subject do you mean? Name what you want to ask Sable about. Your previous question or offer is still ope
bar_after_show	handled	conversation:order-drink	order the special	Sable sets a glass of alcohol-free special within reach. ‘Minor Administrative Disappointment: citrus cordial 
bar_after_show	handled	conversation:order-drink	order coffee	Sable sets a cup of coffee within reach. ‘Coffee. Smells more awake than either of us.’
bar_after_show	handled	conversation:order-drink	tea please	Sable sets a cup of tea within reach. ‘Tea. I'll give it a minute before asking it anything difficult.’
bar_after_show	handled	conversation:order-drink	can I get a tea	Sable sets a cup of tea within reach. ‘Tea. I'll give it a minute before asking it anything difficult.’
bar_after_show	handled	conversation:order-drink	can I have a coffee please	Sable sets a cup of coffee within reach. ‘Coffee. Smells more awake than either of us.’
bar_after_show	handled	conversation:order-drink	another coffee	Sable sets a cup of coffee within reach. ‘Coffee. Smells more awake than either of us.’
bar_after_show	clarified	conversation:missing-topic	same again	Which subject do you mean? Name what you want to ask Sable about. Your previous question or offer is still ope
bar_after_show	handled	conversation:order-drink	I'll have a water	Sable sets a glass of water within reach. ‘Water. No garnish trying to escape into your nose.’
bar_after_show	clarified	action:unknown-object	give me water	I couldn't identify a supported object for that action. Name the menu or a visible evidence item; no object ha
bar_after_show	clarified	conversation:missing-topic	one coffee	Which subject do you mean? Name what you want to ask Sable about. Your previous question or offer is still ope
bar_after_show	handled	conversation:order-drink	coffee please	Sable sets a cup of coffee within reach. ‘Coffee. Smells more awake than either of us.’
bar_after_show	clarified	conversation:missing-topic	a cup of tea	Which subject do you mean? Name what you want to ask Sable about. Your previous question or offer is still ope
bar_after_show	clarified	conversation:missing-topic	what do you have	Which subject do you mean? Name what you want to ask Sable about. Your previous question or offer is still ope
bar_after_show	clarified	conversation:missing-topic	what's good	Which subject do you mean? Name what you want to ask Sable about. Your previous question or offer is still ope
bar_after_show	clarified	conversation:missing-topic	what do you recommend	Which subject do you mean? Name what you want to ask Sable about. Your previous question or offer is still ope
bar_after_show	handled	conversation:menu	can I see the menu	The menu: tea, coffee and water. Minor Administrative Disappointment is citrus cordial and soda, alcohol-free 
bar_after_show	handled	conversation:menu	menu	The menu: tea, coffee and water. Minor Administrative Disappointment is citrus cordial and soda, alcohol-free 
bar_after_show	handled	conversation:plans	hi	Sable: ‘Twelve lids, no jars. I've asked the supplier to send the missing jars rather than another apology. Th
bar_after_show	handled	conversation:plans	hello sable	Sable: ‘Twelve lids, no jars. I've asked the supplier to send the missing jars rather than another apology. Th
bar_after_show	handled	conversation:plans	hey	Sable: ‘Twelve lids, no jars. I've asked the supplier to send the missing jars rather than another apology. Th
bar_after_show	handled	language-verb:how's (handler detail not recorded)	how's it going	Sable studies the dates. ‘That contradicts what I remember. It doesn't tell me who did what.’ Their voice beco
bar_after_show	handled	conversation:plans	how are you	Sable: ‘Twelve lids, no jars. I've asked the supplier to send the missing jars rather than another apology. Th
bar_after_show	clarified	conversation:missing-topic	what's new	Which subject do you mean? Name what you want to ask Sable about. Your previous question or offer is still ope
bar_after_show	clarified	conversation:missing-topic	what's up	Which subject do you mean? Name what you want to ask Sable about. Your previous question or offer is still ope
bar_after_show	clarified	conversation:missing-topic	how's your night	Which subject do you mean? Name what you want to ask Sable about. Your previous question or offer is still ope
bar_after_show	clarified	conversation:missing-topic	tell me about yourself	Which subject do you mean? Name what you want to ask Sable about. Your previous question or offer is still ope
bar_after_show	clarified	conversation:missing-topic	who are you	Which subject do you mean? Name what you want to ask Sable about. Your previous question or offer is still ope
bar_after_show	clarified	conversation:missing-topic	what do you do	Which subject do you mean? Name what you want to ask Sable about. Your previous question or offer is still ope
bar_after_show	clarified	conversation:missing-topic	how long have you worked here	Which subject do you mean? Name what you want to ask Sable about. Your previous question or offer is still ope
bar_after_show	clarified	conversation:missing-topic	do you like it here	Which subject do you mean? Name what you want to ask Sable about. Your previous question or offer is still ope
bar_after_show	clarified	conversation:missing-topic	do you like working here	Which subject do you mean? Name what you want to ask Sable about. Your previous question or offer is still ope
bar_after_show	handled	conversation:party	what's the octopus for	‘The octopus is decoration,’ Sable says. ‘At least until someone gives it a name and starts taking its opinion
bar_after_show	handled	conversation:party	tell me about the prom	‘Next themed evening: Deep Sea Prom. I have borrowed a smoke machine and underestimated the dignity of a rubbe
bar_after_show	handled	conversation:supplier	tell me about the supplier	Sable: ‘Twelve lids, no jars. I've asked the supplier to send the missing jars rather than another apology. Th
bar_after_show	clarified	conversation:missing-topic	what's wrong	Which subject do you mean? Name what you want to ask Sable about. Your previous question or offer is still ope
bar_after_show	clarified	conversation:missing-topic	you seem tired	Which subject do you mean? Name what you want to ask Sable about. Your previous question or offer is still ope
bar_after_show	clarified	conversation:missing-topic	you ok?	Which subject do you mean? Name what you want to ask Sable about. Your previous question or offer is still ope
bar_after_show	clarified	conversation:missing-topic	are you alright	Which subject do you mean? Name what you want to ask Sable about. Your previous question or offer is still ope
bar_after_show	clarified	conversation:missing-topic	nice place	Which subject do you mean? Name what you want to ask Sable about. Your previous question or offer is still ope
bar_after_show	clarified	conversation:missing-topic	I like it here	Which subject do you mean? Name what you want to ask Sable about. Your previous question or offer is still ope
bar_after_show	clarified	conversation:missing-topic	busy night?	Which subject do you mean? Name what you want to ask Sable about. Your previous question or offer is still ope
bar_after_show	handled	conversation:supplier	what's the story with the lids	Sable: ‘Twelve lids, no jars. I've asked the supplier to send the missing jars rather than another apology. Th
bar_after_show	handled	conversation:supplier	who is the supplier	Sable: ‘Twelve lids, no jars. I've asked the supplier to send the missing jars rather than another apology. Th
bar_after_show	clarified	conversation:missing-topic	what's the special	Which subject do you mean? Name what you want to ask Sable about. Your previous question or offer is still ope
bar_after_show	handled	conversation:party	tell me about the deep sea prom	‘Next themed evening: Deep Sea Prom. I have borrowed a smoke machine and underestimated the dignity of a rubbe
bar_after_show	handled	conversation:party	when's the prom	Sable: ‘Deep Sea Prom still needs snacks and someone to keep the smoke machine under control. The octopus can 
bar_after_show	clarified	conversation:opinion-clarify	can I come to the prom	What do you mean about party?
bar_after_show	clarified	conversation:missing-topic	what's this place called	Which subject do you mean? Name what you want to ask Sable about. Your previous question or offer is still ope
bar_after_show	clarified	conversation:missing-topic	how long has the bar been here	Which subject do you mean? Name what you want to ask Sable about. Your previous question or offer is still ope
bar_after_show	clarified	conversation:missing-topic	do you own the bar	Which subject do you mean? Name what you want to ask Sable about. Your previous question or offer is still ope
bar_after_show	clarified	conversation:missing-topic	who owns this place	Which subject do you mean? Name what you want to ask Sable about. Your previous question or offer is still ope
bar_after_show	clarified	conversation:missing-topic	what's next door	Which subject do you mean? Name what you want to ask Sable about. Your previous question or offer is still ope
bar_after_show	clarified	conversation:missing-topic	what's in the shop	Which subject do you mean? Name what you want to ask Sable about. Your previous question or offer is still ope
bar_after_show	clarified	conversation:missing-topic	who runs the shop	Which subject do you mean? Name what you want to ask Sable about. Your previous question or offer is still ope
bar_after_show	clarified	conversation:missing-topic	who is vesper	Which subject do you mean? Name what you want to ask Sable about. Your previous question or offer is still ope
bar_after_show	clarified	conversation:unsupported	tell me about vesper	Trial limitation: there is no response for that request yet. You can ask about something Vesper has mentioned.
bar_after_show	clarified	conversation:missing-topic	do you know vesper	Which subject do you mean? Name what you want to ask Sable about. Your previous question or offer is still ope
bar_after_show	clarified	conversation:missing-topic	what's beyond the curtain	Which subject do you mean? Name what you want to ask Sable about. Your previous question or offer is still ope
bar_after_show	clarified	conversation:missing-topic	what's in the booth	Which subject do you mean? Name what you want to ask Sable about. Your previous question or offer is still ope
bar_after_show	clarified	conversation:missing-topic	can we talk somewhere quiet	Which subject do you mean? Name what you want to ask Sable about. Your previous question or offer is still ope
bar_after_show	handled	language-verb:can (handler detail not recorded)	can we talk privately	Sable agrees to a few quiet minutes and joins you in the booth. | The quiet booth has a low table and a lamp t
bar_after_show	clarified	conversation:missing-topic	smells good	Which subject do you mean? Name what you want to ask Sable about. Your previous question or offer is still ope
bar_after_show	clarified	conversation:missing-topic	that's funny	Which subject do you mean? Name what you want to ask Sable about. Your previous question or offer is still ope
bar_after_show	clarified	conversation:missing-topic	lol	Which subject do you mean? Name what you want to ask Sable about. Your previous question or offer is still ope
bar_after_show	clarified	conversation:missing-topic	ha	Which subject do you mean? Name what you want to ask Sable about. Your previous question or offer is still ope
bar_after_show	clarified	conversation:missing-topic	nice	Which subject do you mean? Name what you want to ask Sable about. Your previous question or offer is still ope
bar_after_show	clarified	conversation:missing-topic	good one	Which subject do you mean? Name what you want to ask Sable about. Your previous question or offer is still ope
bar_after_show	clarified	conversation:missing-topic	sorry	Which subject do you mean? Name what you want to ask Sable about. Your previous question or offer is still ope
bar_after_show	clarified	conversation:missing-topic	I'm tired	Which subject do you mean? Name what you want to ask Sable about. Your previous question or offer is still ope
bar_after_show	handled	conversation:thanks	thanks	Sable smiles. ‘You're welcome.’
bar_after_show	handled	conversation:thanks	thank you	Sable smiles. ‘You're welcome.’
bar_after_show	handled	conversation:thanks	thanks sable	Sable smiles. ‘You're welcome.’
bar_after_show	handled	conversation:thanks	cheers	Sable smiles. ‘You're welcome.’
bar_after_show	handled	conversation:goodbye	bye	‘Get home all right,’ Sable says. ‘It was good to see you.’
bar_after_show	handled	conversation:goodbye	goodbye	‘Get home all right,’ Sable says. ‘It was good to see you.’
bar_after_show	handled	conversation:goodbye	see you	‘Get home all right,’ Sable says. ‘It was good to see you.’
bar_after_show	handled	conversation:goodbye	goodnight	‘Get home all right,’ Sable says. ‘It was good to see you.’
bar_after_show	handled	conversation:goodbye	good night sable	‘Get home all right,’ Sable says. ‘It was good to see you.’
bar_after_show	clarified	action:unknown-object	take care	I couldn't identify a supported object for that action. Name the menu or a visible evidence item; no object ha
bar_after_show	clarified	conversation:missing-topic	you're funny	Which subject do you mean? Name what you want to ask Sable about. Your previous question or offer is still ope
bar_after_show	clarified	conversation:missing-topic	I like you	Which subject do you mean? Name what you want to ask Sable about. Your previous question or offer is still ope
bar_after_show	clarified	conversation:missing-topic	you're good at this	Which subject do you mean? Name what you want to ask Sable about. Your previous question or offer is still ope
bar_after_show	clarified	conversation:missing-topic	that was good	Which subject do you mean? Name what you want to ask Sable about. Your previous question or offer is still ope
bar_after_show	clarified	conversation:missing-topic	great coffee	Which subject do you mean? Name what you want to ask Sable about. Your previous question or offer is still ope
bar_after_show	clarified	conversation:missing-topic	this is nice	Which subject do you mean? Name what you want to ask Sable about. Your previous question or offer is still ope
bar_after_show	clarified	conversation:missing-topic	I'm glad I came	Which subject do you mean? Name what you want to ask Sable about. Your previous question or offer is still ope
bar_after_show	clarified	conversation:missing-topic	I missed you	Which subject do you mean? Name what you want to ask Sable about. Your previous question or offer is still ope
bar_after_show	clarified	conversation:missing-topic	how was your day	Which subject do you mean? Name what you want to ask Sable about. Your previous question or offer is still ope
bar_after_show	handled	language-verb:go (handler detail not recorded)	go to shop	You go to Secondhand shop. | Vesper is sorting a photographer's clearance lot. The photograph and provenance l
bar_after_show	clarified	action:unknown-object	shop	I couldn't identify a supported object for that action. Name the menu or a visible evidence item; no object ha
bar_after_show	clarified	conversation:missing-topic	next door	Which subject do you mean? Name what you want to ask Sable about. Your previous question or offer is still ope
bar_after_show	rejected	language-verb:go (handler detail not recorded)	go next door	You can go to the bar, shop, booth or home.
bar_after_show	handled	language-verb:leave (handler detail not recorded)	leave	You go to The Velvet Corner.
bar_after_show	handled	language-verb:go (handler detail not recorded)	go outside	You go to The Velvet Corner.
bar_after_show	handled	language-verb:go (handler detail not recorded)	go home	You go to Your apartment. | Your apartment. The kettle has no theories. You can return to the bar or shop, or 
bar_after_show	handled	language-verb:go (handler detail not recorded)	home	You go to Your apartment. | Your apartment. The kettle has no theories. You can return to the bar or shop, or 
bar_after_show	handled	language-verb:go (handler detail not recorded)	go to booth	You go to The quiet booth. | The quiet booth has a low table and a shaded lamp. It is empty. Ask Sable at the 
bar_after_show	clarified	conversation:missing-topic	booth	Which subject do you mean? Name what you want to ask Sable about. Your previous question or offer is still ope
bar_after_show	clarified	conversation:missing-topic	curtain	Which subject do you mean? Name what you want to ask Sable about. Your previous question or offer is still ope
bar_after_show	handled	language-verb:enter (handler detail not recorded)	enter booth	You go to The quiet booth. | The quiet booth has a low table and a shaded lamp. It is empty. Ask Sable at the 
bar_after_show	clarified	conversation:missing-topic	sit in booth	Which subject do you mean? Name what you want to ask Sable about. Your previous question or offer is still ope
bar_after_show	handled	language-verb:go (handler detail not recorded)	go to the quiet booth	You go to The quiet booth. | The quiet booth has a low table and a shaded lamp. It is empty. Ask Sable at the 
bar_after_show	handled	language-verb:go (handler detail not recorded)	walk to the shop	You go to Secondhand shop. | Vesper is sorting a photographer's clearance lot. The photograph and provenance l
bar_after_show	clarified	conversation:missing-topic	visit vesper	Which subject do you mean? Name what you want to ask Sable about. Your previous question or offer is still ope
bar_after_show	rejected	language-verb:go (handler detail not recorded)	go see vesper	You can go to the bar, shop, booth or home.
bar_after_show	handled	language-verb:go (handler detail not recorded)	head home	You go to Your apartment. | Your apartment. The kettle has no theories. You can return to the bar or shop, or 
bar_after_show	rejected	language-verb:go (handler detail not recorded)	go back	You can go to the bar, shop, booth or home.
bar_after_show	clarified	conversation:missing-topic	exit	Which subject do you mean? Name what you want to ask Sable about. Your previous question or offer is still ope
bar_after_show	clarified	action:unknown-object	out	I couldn't identify a supported object for that action. Name the menu or a visible evidence item; no object ha
bar_after_show	clarified	conversation:missing-topic	n	Which subject do you mean? Name what you want to ask Sable about. Your previous question or offer is still ope
bar_after_show	clarified	conversation:missing-topic	north	Which subject do you mean? Name what you want to ask Sable about. Your previous question or offer is still ope
bar_after_show	handled	help:controls	help	Type a short action or a reply in your own words. LOOK describes your surroundings; INVENTORY shows belongings
bar_after_show	handled	help:spoilers	hint	Optional puzzle guidance — contains spoilers: | Try TALK TO SABLE, ASK SABLE ABOUT THEIR MEMORIES, ORDER TEA, 
bar_after_show	handled	language-verb:journal (handler detail not recorded)	journal	Your notes — observations, accounts and uncertainties: | A clearance print from a venue photographer's lot. Sa
bar_after_show	handled	think:private	think	Private: The photograph has a date. Sable has a different account. Those are things to compare, not yet an exp
bar_after_show	clarified	conversation:missing-topic	save	Which subject do you mean? Name what you want to ask Sable about. Your previous question or offer is still ope
bar_after_show	clarified	conversation:missing-topic	quit	Which subject do you mean? Name what you want to ask Sable about. Your previous question or offer is still ope
bar_after_show	handled	language-verb:look (handler detail not recorded)	look	The Velvet Corner: warm light on a worn wooden counter, shelves of mismatched glasses and a soft bass line fro
bar_after_show	clarified	action:unknown-object	l	I couldn't identify a supported object for that action. Name the menu or a visible evidence item; no object ha
bar_after_show	clarified	conversation:missing-topic	lok	Which subject do you mean? Name what you want to ask Sable about. Your previous question or offer is still ope
bar_after_show	clarified	conversation:missing-topic	tlak to sable	Which subject do you mean? Name what you want to ask Sable about. Your previous question or offer is still ope
bar_after_show	clarified	conversation:missing-topic	coffe please	Which subject do you mean? Name what you want to ask Sable about. Your previous question or offer is still ope
bar_after_show	clarified	conversation:missing-topic	watre	Which subject do you mean? Name what you want to ask Sable about. Your previous question or offer is still ope
bar_after_show	clarified	conversation:missing-topic	helo	Which subject do you mean? Name what you want to ask Sable about. Your previous question or offer is still ope
bar_after_show	handled	conversation:plans	hi sabel	Sable: ‘Twelve lids, no jars. I've asked the supplier to send the missing jars rather than another apology. Th
bar_after_show	clarified	conversation:missing-topic	do you remember that night	Which subject do you mean? Name what you want to ask Sable about. Your previous question or offer is still ope
bar_after_show	clarified	conversation:missing-topic	were you there	Which subject do you mean? Name what you want to ask Sable about. Your previous question or offer is still ope
bar_after_show	clarified	conversation:missing-topic	is this you	Which subject do you mean? Name what you want to ask Sable about. Your previous question or offer is still ope
bar_after_show	clarified	conversation:missing-topic	that's you	Which subject do you mean? Name what you want to ask Sable about. Your previous question or offer is still ope
bar_after_show	rejected	language-verb:you (handler detail not recorded)	you were at the cat's cradle	I couldn't place that action. Nothing changed. HELP gives examples; name the person or object when returning t
bar_after_show	clarified	conversation:missing-topic	how do you explain this	Which subject do you mean? Name what you want to ask Sable about. Your previous question or offer is still ope
bar_after_show	handled	language-verb:what (handler detail not recorded)	what do you think	Sable studies the dates. ‘That contradicts what I remember. It doesn't tell me who did what.’ Their voice beco
bar_after_show	clarified	conversation:missing-topic	how are you feeling	Which subject do you mean? Name what you want to ask Sable about. Your previous question or offer is still ope
bar_after_show	clarified	conversation:missing-topic	are you ok	Which subject do you mean? Name what you want to ask Sable about. Your previous question or offer is still ope
bar_after_show	clarified	conversation:missing-topic	are you alright	Which subject do you mean? Name what you want to ask Sable about. Your previous question or offer is still ope
bar_after_show	clarified	conversation:missing-topic	this is strange	Which subject do you mean? Name what you want to ask Sable about. Your previous question or offer is still ope
bar_after_show	clarified	conversation:missing-topic	I'm sorry	Which subject do you mean? Name what you want to ask Sable about. Your previous question or offer is still ope
bar_after_show	clarified	conversation:qualified-statement	I didn't mean to upset you	Are you correcting something, declining an offer, or asking a question? Please say which you mean.
bar_after_show	handled	conversation:offer-time	take your time	Sable: ‘Yes. I would like to write things down first. A question I can hold still for a minute.’
bar_after_show	clarified	conversation:missing-topic	it's ok	Which subject do you mean? Name what you want to ask Sable about. Your previous question or offer is still ope
bar_after_show	clarified	conversation:missing-topic	we'll figure it out	Which subject do you mean? Name what you want to ask Sable about. Your previous question or offer is still ope
bar_after_show	clarified	conversation:missing-topic	what do you want to do	Which subject do you mean? Name what you want to ask Sable about. Your previous question or offer is still ope
bar_after_show	clarified	conversation:missing-topic	what will you do	Which subject do you mean? Name what you want to ask Sable about. Your previous question or offer is still ope
bar_after_show	clarified	conversation:missing-topic	should we tell someone	Which subject do you mean? Name what you want to ask Sable about. Your previous question or offer is still ope
bar_after_show	clarified	conversation:missing-topic	who could have done this	Which subject do you mean? Name what you want to ask Sable about. Your previous question or offer is still ope
bar_after_show	clarified	conversation:missing-topic	why would someone do this	Which subject do you mean? Name what you want to ask Sable about. Your previous question or offer is still ope
bar_after_show	handled	conversation:company-preference	do you want me to come with you	Sable: ‘I haven't decided whether I want company. No arrangement has been made.’
bar_after_show	handled	conversation:offer-company	I'll come with you	Sable: ‘Thank you for offering. I haven't decided whether I want company. I'll ask before we arrange anything.
bar_after_show	clarified	conversation:missing-topic	I'm here for you	Which subject do you mean? Name what you want to ask Sable about. Your previous question or offer is still ope
bar_after_show	handled	conversation:hospital	tell me about the dream	Sable: ‘I remember being in hospital continuously that year. A whole year, five years back. Even the night the
bar_after_show	handled	conversation:hospital	what do you dream about	Sable: ‘I remember being in hospital continuously that year. A whole year, five years back. Even the night the
bar_after_show	clarified	conversation:missing-topic	when did the dreams start	Which subject do you mean? Name what you want to ask Sable about. Your previous question or offer is still ope
bar_after_show	handled	conversation:hospital	tell me about the hospital	Sable: ‘I remember being in hospital continuously that year. A whole year, five years back. Even the night the
bar_after_show	handled	conversation:hospital	what happened in hospital	Sable: ‘I remember being in hospital continuously that year. A whole year, five years back. Even the night the
bar_after_show	handled	language-verb:who (handler detail not recorded)	who was your doctor	Sable studies the dates. ‘That contradicts what I remember. It doesn't tell me who did what.’ Their voice beco
bar_after_show	clarified	conversation:missing-topic	who's the practitioner	Which subject do you mean? Name what you want to ask Sable about. Your previous question or offer is still ope
bar_after_show	clarified	conversation:missing-topic	can you trust them	Which subject do you mean? Name what you want to ask Sable about. Your previous question or offer is still ope
bar_after_show	handled	language-verb:when (handler detail not recorded)	when is the appointment	Sable studies the dates. ‘That contradicts what I remember. It doesn't tell me who did what.’ Their voice beco
bar_after_show	clarified	conversation:missing-topic	what day	Which subject do you mean? Name what you want to ask Sable about. Your previous question or offer is still ope
bar_after_show	clarified	conversation:missing-topic	let me know how it goes	Which subject do you mean? Name what you want to ask Sable about. Your previous question or offer is still ope
bar_after_show	clarified	conversation:missing-topic	I'll check in tomorrow	Which subject do you mean? Name what you want to ask Sable about. Your previous question or offer is still ope
bar_after_show	handled	conversation:goodbye	goodnight	‘Get home all right,’ Sable says. ‘It was good to see you.’
bar_after_show	clarified	conversation:missing-topic	thank you for telling me	Which subject do you mean? Name what you want to ask Sable about. Your previous question or offer is still ope
bar_after_show	clarified	conversation:missing-topic	thanks for trusting me	Which subject do you mean? Name what you want to ask Sable about. Your previous question or offer is still ope
bar_after_show	clarified	conversation:missing-topic	you can trust me	Which subject do you mean? Name what you want to ask Sable about. Your previous question or offer is still ope
bar_after_show	clarified	conversation:missing-topic	I believe you	Which subject do you mean? Name what you want to ask Sable about. Your previous question or offer is still ope
bar_after_show	rejected	language-verb:inventory (handler detail not recorded)	I don't know what to say	No action taken. Say what you want to do when you've decided.
bar_after_show	clarified	conversation:missing-topic	that's a lot	Which subject do you mean? Name what you want to ask Sable about. Your previous question or offer is still ope
bar_after_show	clarified	conversation:missing-topic	sit down	Which subject do you mean? Name what you want to ask Sable about. Your previous question or offer is still ope
bar_after_show	clarified	conversation:missing-topic	let's go to the booth	Which subject do you mean? Name what you want to ask Sable about. Your previous question or offer is still ope
bar_after_show	clarified	conversation:missing-topic	can we talk in the booth	Which subject do you mean? Name what you want to ask Sable about. Your previous question or offer is still ope
bar_after_show	handled	language-verb:let's (handler detail not recorded)	let's talk privately	Sable agrees to a few quiet minutes and joins you in the booth. | The quiet booth has a low table and a lamp t
booth	rejected	language-verb:no (handler detail not recorded)	no	Sable isn't here to hear that. A private thought or an unspoken reply doesn't reach them.
booth	rejected	language-verb:yes (handler detail not recorded)	yes	Sable isn't here to hear that. A private thought or an unspoken reply doesn't reach them.
booth	rejected	language-verb:no (handler detail not recorded)	no it doesn't sound threatening	No action taken. Say what you want to do when you've decided.
booth	rejected	language-verb:a (handler detail not recorded)	a little	I couldn't place that action. Nothing changed. HELP gives examples; name the person or object when returning t
booth	rejected	language-verb:sounds (handler detail not recorded)	sounds fine to me	I couldn't place that action. Nothing changed. HELP gives examples; name the person or object when returning t
booth	rejected	language-verb:it (handler detail not recorded)	it sounds fine	I couldn't place that action. Nothing changed. HELP gives examples; name the person or object when returning t
booth	rejected	language-verb:not (handler detail not recorded)	not really	No action taken. Say what you want to do when you've decided.
booth	rejected	language-verb:maybe (handler detail not recorded)	maybe	No action taken. Say what you want to do when you've decided.
booth	rejected	language-verb:inventory (handler detail not recorded)	I think it's fine	I couldn't place that action. Nothing changed. HELP gives examples; name the person or object when returning t
booth	rejected	language-verb:it's (handler detail not recorded)	it's a bit much	I couldn't place that action. Nothing changed. HELP gives examples; name the person or object when returning t
booth	clarified	action:unknown-object	examine pencil	I couldn't identify a supported object for that action. Name the menu or a visible evidence item; no object ha
booth	clarified	action:unknown-object	look at the pencil	I couldn't identify a supported object for that action. Name the menu or a visible evidence item; no object ha
booth	rejected	language-verb:tell (handler detail not recorded)	tell me about the pencil	I couldn't place that action. Nothing changed. HELP gives examples; name the person or object when returning t
booth	clarified	action:unknown-object	x counter	I couldn't identify a supported object for that action. Name the menu or a visible evidence item; no object ha
booth	rejected	interaction:blocked	look at the counter	That object is not accessible here. Open its container or return to its actual location.
booth	clarified	action:unknown-object	look at the glasses	I couldn't identify a supported object for that action. Name the menu or a visible evidence item; no object ha
booth	clarified	action:unknown-object	look at the shelves	I couldn't identify a supported object for that action. Name the menu or a visible evidence item; no object ha
booth	clarified	action:unknown-object	look at the speakers	I couldn't identify a supported object for that action. Name the menu or a visible evidence item; no object ha
booth	rejected	language-verb:search (handler detail not recorded)	look behind the curtain	I couldn't place that action. Nothing changed. HELP gives examples; name the person or object when returning t
booth	clarified	action:unknown-object	examine curtain	I couldn't identify a supported object for that action. Name the menu or a visible evidence item; no object ha
booth	rejected	language-verb:go (handler detail not recorded)	go through the curtain	You can go to the bar, shop, booth or home.
booth	rejected	language-verb:search (handler detail not recorded)	look under the counter	I couldn't place that action. Nothing changed. HELP gives examples; name the person or object when returning t
booth	clarified	action:unknown-object	look at the lids	I couldn't identify a supported object for that action. Name the menu or a visible evidence item; no object ha
booth	clarified	action:unknown-object	examine the box	I couldn't identify a supported object for that action. Name the menu or a visible evidence item; no object ha
booth	clarified	action:unknown-object	look at the box of lids	I couldn't identify a supported object for that action. Name the menu or a visible evidence item; no object ha
booth	clarified	action:unknown-object	look at sable	I couldn't identify a supported object for that action. Name the menu or a visible evidence item; no object ha
booth	clarified	action:unknown-object	examine sable	I couldn't identify a supported object for that action. Name the menu or a visible evidence item; no object ha
booth	clarified	action:unknown-object	x sable	I couldn't identify a supported object for that action. Name the menu or a visible evidence item; no object ha
booth	clarified	action:unknown-object	look at the bass line	I couldn't identify a supported object for that action. Name the menu or a visible evidence item; no object ha
booth	rejected	language-verb:listen (handler detail not recorded)	listen	Sable isn't here to hear that. A private thought or an unspoken reply doesn't reach them.
booth	clarified	conversation:absent	listen to the music	Sable isn't here to continue that conversation. They are at the bar during staffed evenings, except for their 
booth	rejected	language-verb:smell (handler detail not recorded)	smell	I couldn't place that action. Nothing changed. HELP gives examples; name the person or object when returning t
booth	rejected	language-verb:smell (handler detail not recorded)	smell the coffee	I couldn't place that action. Nothing changed. HELP gives examples; name the person or object when returning t
booth	rejected	language-verb:touch (handler detail not recorded)	touch the counter	I couldn't place that action. Nothing changed. HELP gives examples; name the person or object when returning t
booth	rejected	language-verb:sit (handler detail not recorded)	sit down	I couldn't place that action. Nothing changed. HELP gives examples; name the person or object when returning t
booth	rejected	language-verb:sit (handler detail not recorded)	sit at the counter	I couldn't place that action. Nothing changed. HELP gives examples; name the person or object when returning t
booth	rejected	language-verb:stand (handler detail not recorded)	stand up	I couldn't place that action. Nothing changed. HELP gives examples; name the person or object when returning t
booth	rejected	interaction:blocked	read menu	That object is not accessible here. Open its container or return to its actual location.
booth	rejected	interaction:blocked	read the menu	That object is not accessible here. Open its container or return to its actual location.
booth	handled	inspect:menu	x menu	The menu: tea, coffee and water. Minor Administrative Disappointment is citrus cordial and soda, alcohol-free 
booth	rejected	language-verb:inventory (handler detail not recorded)	i	I couldn't place that action. Nothing changed. HELP gives examples; name the person or object when returning t
booth	handled	language-verb:inventory (handler detail not recorded)	inventory	satchel (open) | Contents of closed bags are carried but must be opened before inspection or showing.
booth	handled	language-verb:wait (handler detail not recorded)	wait	You wait 10 minutes.
booth	rejected	language-verb:wait (handler detail not recorded)	z	Wait between one minute and one day, or rest until tomorrow at home.
booth	rejected	language-verb:gin (handler detail not recorded)	gin	I couldn't place that action. Nothing changed. HELP gives examples; name the person or object when returning t
booth	rejected	language-verb:ask (handler detail not recorded)	ask for gin	I couldn't place that action. Nothing changed. HELP gives examples; name the person or object when returning t
booth	rejected	language-verb:a (handler detail not recorded)	a gin please	I couldn't place that action. Nothing changed. HELP gives examples; name the person or object when returning t
booth	rejected	language-verb:the (handler detail not recorded)	the special with gin	I couldn't place that action. Nothing changed. HELP gives examples; name the person or object when returning t
booth	rejected	language-verb:order (handler detail not recorded)	order the special	Sable isn't here to hear that. A private thought or an unspoken reply doesn't reach them.
booth	rejected	language-verb:order (handler detail not recorded)	order coffee	Sable isn't here to hear that. A private thought or an unspoken reply doesn't reach them.
booth	rejected	language-verb:tear (handler detail not recorded)	tea please	Sable isn't here to hear that. A private thought or an unspoken reply doesn't reach them.
booth	clarified	action:unknown-object	can I get a tea	I couldn't identify a supported object for that action. Name the menu or a visible evidence item; no object ha
booth	rejected	language-verb:have (handler detail not recorded)	can I have a coffee please	Sable isn't here to hear that. A private thought or an unspoken reply doesn't reach them.
booth	rejected	language-verb:another (handler detail not recorded)	another coffee	I couldn't place that action. Nothing changed. HELP gives examples; name the person or object when returning t
booth	rejected	language-verb:same (handler detail not recorded)	same again	I couldn't place that action. Nothing changed. HELP gives examples; name the person or object when returning t
booth	rejected	language-verb:i'll (handler detail not recorded)	I'll have a water	I couldn't place that action. Nothing changed. HELP gives examples; name the person or object when returning t
booth	clarified	action:unknown-object	give me water	I couldn't identify a supported object for that action. Name the menu or a visible evidence item; no object ha
booth	rejected	language-verb:one (handler detail not recorded)	one coffee	I couldn't place that action. Nothing changed. HELP gives examples; name the person or object when returning t
booth	rejected	language-verb:coffee (handler detail not recorded)	coffee please	Sable isn't here to hear that. A private thought or an unspoken reply doesn't reach them.
booth	rejected	language-verb:a (handler detail not recorded)	a cup of tea	I couldn't place that action. Nothing changed. HELP gives examples; name the person or object when returning t
booth	rejected	language-verb:what (handler detail not recorded)	what do you have	I couldn't place that action. Nothing changed. HELP gives examples; name the person or object when returning t
booth	rejected	language-verb:what's (handler detail not recorded)	what's good	I couldn't place that action. Nothing changed. HELP gives examples; name the person or object when returning t
booth	rejected	language-verb:what (handler detail not recorded)	what do you recommend	I couldn't place that action. Nothing changed. HELP gives examples; name the person or object when returning t
booth	clarified	conversation:absent	can I see the menu	Sable isn't here to continue that conversation. They are at the bar during staffed evenings, except for their 
booth	clarified	conversation:absent	menu	Sable isn't here to continue that conversation. They are at the bar during staffed evenings, except for their 
booth	clarified	conversation:absent	hi	Sable isn't here to continue that conversation. They are at the bar during staffed evenings, except for their 
booth	clarified	conversation:absent	hello sable	Sable isn't here to continue that conversation. They are at the bar during staffed evenings, except for their 
booth	clarified	conversation:absent	hey	Sable isn't here to continue that conversation. They are at the bar during staffed evenings, except for their 
booth	clarified	conversation:absent	how's it going	Sable isn't here to continue that conversation. They are at the bar during staffed evenings, except for their 
booth	clarified	conversation:absent	how are you	Sable isn't here to continue that conversation. They are at the bar during staffed evenings, except for their 
booth	rejected	language-verb:what's (handler detail not recorded)	what's new	I couldn't place that action. Nothing changed. HELP gives examples; name the person or object when returning t
booth	rejected	language-verb:what's (handler detail not recorded)	what's up	I couldn't place that action. Nothing changed. HELP gives examples; name the person or object when returning t
booth	clarified	conversation:absent	how's your night	Sable isn't here to continue that conversation. They are at the bar during staffed evenings, except for their 
booth	rejected	language-verb:tell (handler detail not recorded)	tell me about yourself	I couldn't place that action. Nothing changed. HELP gives examples; name the person or object when returning t
booth	rejected	language-verb:who (handler detail not recorded)	who are you	I couldn't place that action. Nothing changed. HELP gives examples; name the person or object when returning t
booth	rejected	language-verb:what (handler detail not recorded)	what do you do	I couldn't place that action. Nothing changed. HELP gives examples; name the person or object when returning t
booth	rejected	language-verb:show (handler detail not recorded)	how long have you worked here	I couldn't place that action. Nothing changed. HELP gives examples; name the person or object when returning t
booth	rejected	language-verb:do (handler detail not recorded)	do you like it here	I couldn't place that action. Nothing changed. HELP gives examples; name the person or object when returning t
booth	rejected	language-verb:do (handler detail not recorded)	do you like working here	I couldn't place that action. Nothing changed. HELP gives examples; name the person or object when returning t
booth	clarified	conversation:absent	what's the octopus for	Sable isn't here to continue that conversation. They are at the bar during staffed evenings, except for their 
booth	clarified	conversation:absent	tell me about the prom	Sable isn't here to continue that conversation. They are at the bar during staffed evenings, except for their 
booth	clarified	conversation:absent	tell me about the supplier	Sable isn't here to continue that conversation. They are at the bar during staffed evenings, except for their 
booth	rejected	language-verb:what's (handler detail not recorded)	what's wrong	I couldn't place that action. Nothing changed. HELP gives examples; name the person or object when returning t
booth	rejected	language-verb:you (handler detail not recorded)	you seem tired	I couldn't place that action. Nothing changed. HELP gives examples; name the person or object when returning t
booth	rejected	language-verb:you (handler detail not recorded)	you ok?	I couldn't place that action. Nothing changed. HELP gives examples; name the person or object when returning t
booth	rejected	language-verb:are (handler detail not recorded)	are you alright	I couldn't place that action. Nothing changed. HELP gives examples; name the person or object when returning t
booth	rejected	language-verb:nice (handler detail not recorded)	nice place	I couldn't place that action. Nothing changed. HELP gives examples; name the person or object when returning t
booth	rejected	language-verb:inventory (handler detail not recorded)	I like it here	I couldn't place that action. Nothing changed. HELP gives examples; name the person or object when returning t
booth	clarified	conversation:absent	busy night?	Sable isn't here to continue that conversation. They are at the bar during staffed evenings, except for their 
booth	clarified	conversation:absent	what's the story with the lids	Sable isn't here to continue that conversation. They are at the bar during staffed evenings, except for their 
booth	clarified	conversation:absent	who is the supplier	Sable isn't here to continue that conversation. They are at the bar during staffed evenings, except for their 
booth	rejected	language-verb:what's (handler detail not recorded)	what's the special	I couldn't place that action. Nothing changed. HELP gives examples; name the person or object when returning t
booth	clarified	conversation:absent	tell me about the deep sea prom	Sable isn't here to continue that conversation. They are at the bar during staffed evenings, except for their 
booth	clarified	conversation:absent	when's the prom	Sable isn't here to continue that conversation. They are at the bar during staffed evenings, except for their 
booth	clarified	conversation:absent	can I come to the prom	Sable isn't here to continue that conversation. They are at the bar during staffed evenings, except for their 
booth	rejected	language-verb:what's (handler detail not recorded)	what's this place called	I couldn't place that action. Nothing changed. HELP gives examples; name the person or object when returning t
booth	rejected	language-verb:show (handler detail not recorded)	how long has the bar been here	I couldn't place that action. Nothing changed. HELP gives examples; name the person or object when returning t
booth	rejected	language-verb:do (handler detail not recorded)	do you own the bar	I couldn't place that action. Nothing changed. HELP gives examples; name the person or object when returning t
booth	rejected	language-verb:who (handler detail not recorded)	who owns this place	I couldn't place that action. Nothing changed. HELP gives examples; name the person or object when returning t
booth	rejected	language-verb:what's (handler detail not recorded)	what's next door	I couldn't place that action. Nothing changed. HELP gives examples; name the person or object when returning t
booth	rejected	language-verb:what's (handler detail not recorded)	what's in the shop	I couldn't place that action. Nothing changed. HELP gives examples; name the person or object when returning t
booth	rejected	language-verb:who (handler detail not recorded)	who runs the shop	I couldn't place that action. Nothing changed. HELP gives examples; name the person or object when returning t
booth	rejected	language-verb:who (handler detail not recorded)	who is vesper	I couldn't place that action. Nothing changed. HELP gives examples; name the person or object when returning t
booth	clarified	conversation:unsupported	tell me about vesper	Trial limitation: there is no response for that request yet. You can ask about something Vesper has mentioned.
booth	rejected	language-verb:do (handler detail not recorded)	do you know vesper	I couldn't place that action. Nothing changed. HELP gives examples; name the person or object when returning t
booth	rejected	language-verb:what's (handler detail not recorded)	what's beyond the curtain	I couldn't place that action. Nothing changed. HELP gives examples; name the person or object when returning t
booth	rejected	language-verb:what's (handler detail not recorded)	what's in the booth	I couldn't place that action. Nothing changed. HELP gives examples; name the person or object when returning t
booth	rejected	language-verb:can (handler detail not recorded)	can we talk somewhere quiet	I couldn't place that action. Nothing changed. HELP gives examples; name the person or object when returning t
booth	rejected	language-verb:can (handler detail not recorded)	can we talk privately	Ask Sable at the bar during a staffed evening. They aren't available here.
booth	rejected	language-verb:smell (handler detail not recorded)	smells good	I couldn't place that action. Nothing changed. HELP gives examples; name the person or object when returning t
booth	rejected	language-verb:that's (handler detail not recorded)	that's funny	I couldn't place that action. Nothing changed. HELP gives examples; name the person or object when returning t
booth	rejected	language-verb:lol (handler detail not recorded)	lol	I couldn't place that action. Nothing changed. HELP gives examples; name the person or object when returning t
booth	rejected	language-verb:ha (handler detail not recorded)	ha	I couldn't place that action. Nothing changed. HELP gives examples; name the person or object when returning t
booth	rejected	language-verb:nice (handler detail not recorded)	nice	I couldn't place that action. Nothing changed. HELP gives examples; name the person or object when returning t
booth	rejected	language-verb:good (handler detail not recorded)	good one	I couldn't place that action. Nothing changed. HELP gives examples; name the person or object when returning t
booth	rejected	language-verb:sorry (handler detail not recorded)	sorry	I couldn't place that action. Nothing changed. HELP gives examples; name the person or object when returning t
booth	rejected	language-verb:i'm (handler detail not recorded)	I'm tired	I couldn't place that action. Nothing changed. HELP gives examples; name the person or object when returning t
booth	rejected	language-verb:thank (handler detail not recorded)	thanks	I couldn't place that action. Nothing changed. HELP gives examples; name the person or object when returning t
booth	rejected	language-verb:thank (handler detail not recorded)	thank you	I couldn't place that action. Nothing changed. HELP gives examples; name the person or object when returning t
booth	clarified	conversation:absent	thanks sable	Sable isn't here to continue that conversation. They are at the bar during staffed evenings, except for their 
booth	rejected	language-verb:cheers (handler detail not recorded)	cheers	I couldn't place that action. Nothing changed. HELP gives examples; name the person or object when returning t
booth	rejected	language-verb:bye (handler detail not recorded)	bye	I couldn't place that action. Nothing changed. HELP gives examples; name the person or object when returning t
booth	rejected	language-verb:goodbye (handler detail not recorded)	goodbye	I couldn't place that action. Nothing changed. HELP gives examples; name the person or object when returning t
booth	rejected	language-verb:see (handler detail not recorded)	see you	I couldn't place that action. Nothing changed. HELP gives examples; name the person or object when returning t
booth	rejected	language-verb:goodnight (handler detail not recorded)	goodnight	I couldn't place that action. Nothing changed. HELP gives examples; name the person or object when returning t
booth	clarified	conversation:absent	good night sable	Sable isn't here to continue that conversation. They are at the bar during staffed evenings, except for their 
booth	clarified	action:unknown-object	take care	I couldn't identify a supported object for that action. Name the menu or a visible evidence item; no object ha
booth	rejected	language-verb:you're (handler detail not recorded)	you're funny	I couldn't place that action. Nothing changed. HELP gives examples; name the person or object when returning t
booth	rejected	language-verb:inventory (handler detail not recorded)	I like you	I couldn't place that action. Nothing changed. HELP gives examples; name the person or object when returning t
booth	rejected	language-verb:you're (handler detail not recorded)	you're good at this	I couldn't place that action. Nothing changed. HELP gives examples; name the person or object when returning t
booth	rejected	language-verb:that (handler detail not recorded)	that was good	I couldn't place that action. Nothing changed. HELP gives examples; name the person or object when returning t
booth	rejected	language-verb:great (handler detail not recorded)	great coffee	I couldn't place that action. Nothing changed. HELP gives examples; name the person or object when returning t
booth	rejected	language-verb:this (handler detail not recorded)	this is nice	I couldn't place that action. Nothing changed. HELP gives examples; name the person or object when returning t
booth	rejected	language-verb:i'm (handler detail not recorded)	I'm glad I came	I couldn't place that action. Nothing changed. HELP gives examples; name the person or object when returning t
booth	rejected	language-verb:inventory (handler detail not recorded)	I missed you	I couldn't place that action. Nothing changed. HELP gives examples; name the person or object when returning t
booth	rejected	language-verb:show (handler detail not recorded)	how was your day	I couldn't place that action. Nothing changed. HELP gives examples; name the person or object when returning t
booth	handled	language-verb:go (handler detail not recorded)	go to shop	You go to Secondhand shop. | Vesper is sorting a photographer's clearance lot. The photograph and provenance l
booth	clarified	action:unknown-object	shop	I couldn't identify a supported object for that action. Name the menu or a visible evidence item; no object ha
booth	rejected	language-verb:text (handler detail not recorded)	next door	I couldn't place that action. Nothing changed. HELP gives examples; name the person or object when returning t
booth	rejected	language-verb:go (handler detail not recorded)	go next door	You can go to the bar, shop, booth or home.
booth	handled	language-verb:leave (handler detail not recorded)	leave	You go to The Velvet Corner. | The Velvet Corner: warm light on a worn wooden counter, shelves of mismatched g
booth	handled	language-verb:go (handler detail not recorded)	go outside	You go to The Velvet Corner. | The Velvet Corner: warm light on a worn wooden counter, shelves of mismatched g
booth	handled	language-verb:go (handler detail not recorded)	go home	You go to Your apartment. | Your apartment. The kettle has no theories. You can return to the bar or shop, or 
booth	handled	language-verb:go (handler detail not recorded)	home	You go to Your apartment. | Your apartment. The kettle has no theories. You can return to the bar or shop, or 
booth	handled	language-verb:go (handler detail not recorded)	go to booth	You go to The quiet booth.
booth	rejected	language-verb:booth (handler detail not recorded)	booth	I couldn't place that action. Nothing changed. HELP gives examples; name the person or object when returning t
booth	rejected	language-verb:curtain (handler detail not recorded)	curtain	I couldn't place that action. Nothing changed. HELP gives examples; name the person or object when returning t
booth	handled	language-verb:enter (handler detail not recorded)	enter booth	You go to The quiet booth.
booth	rejected	language-verb:sit (handler detail not recorded)	sit in booth	I couldn't place that action. Nothing changed. HELP gives examples; name the person or object when returning t
booth	handled	language-verb:go (handler detail not recorded)	go to the quiet booth	You go to The quiet booth.
booth	handled	language-verb:go (handler detail not recorded)	walk to the shop	You go to Secondhand shop. | Vesper is sorting a photographer's clearance lot. The photograph and provenance l
booth	rejected	language-verb:visit (handler detail not recorded)	visit vesper	I couldn't place that action. Nothing changed. HELP gives examples; name the person or object when returning t
booth	rejected	language-verb:go (handler detail not recorded)	go see vesper	You can go to the bar, shop, booth or home.
booth	handled	language-verb:go (handler detail not recorded)	head home	You go to Your apartment. | Your apartment. The kettle has no theories. You can return to the bar or shop, or 
booth	rejected	language-verb:go (handler detail not recorded)	go back	You can go to the bar, shop, booth or home.
booth	rejected	language-verb:leave (handler detail not recorded)	exit	I couldn't place that action. Nothing changed. HELP gives examples; name the person or object when returning t
booth	clarified	action:unknown-object	out	I couldn't identify a supported object for that action. Name the menu or a visible evidence item; no object ha
booth	rejected	language-verb:go (handler detail not recorded)	n	I couldn't place that action. Nothing changed. HELP gives examples; name the person or object when returning t
booth	rejected	language-verb:go (handler detail not recorded)	north	I couldn't place that action. Nothing changed. HELP gives examples; name the person or object when returning t
booth	handled	help:controls	help	Type a short action or a reply in your own words. LOOK describes your surroundings; INVENTORY shows belongings
booth	handled	help:spoilers	hint	Optional puzzle guidance — contains spoilers: | Try TALK TO SABLE, ASK SABLE ABOUT THEIR MEMORIES, ORDER TEA, 
booth	handled	language-verb:journal (handler detail not recorded)	journal	Your notes — observations, accounts and uncertainties:
booth	handled	think:private	think	Private: Three weeks here. The bar has started to have familiar sounds: glass on wood, the fridge catching, Sa
booth	rejected	language-verb:save (handler detail not recorded)	save	I couldn't place that action. Nothing changed. HELP gives examples; name the person or object when returning t
booth	rejected	language-verb:quit (handler detail not recorded)	quit	I couldn't place that action. Nothing changed. HELP gives examples; name the person or object when returning t
booth	handled	language-verb:look (handler detail not recorded)	look	The quiet booth has a low table and a shaded lamp. It is empty. Ask Sable at the bar to talk privately when th
booth	clarified	action:unknown-object	l	I couldn't identify a supported object for that action. Name the menu or a visible evidence item; no object ha
booth	rejected	language-verb:lok (handler detail not recorded)	lok	I couldn't place that action. Nothing changed. HELP gives examples; name the person or object when returning t
booth	clarified	conversation:absent	tlak to sable	Sable isn't here to continue that conversation. They are at the bar during staffed evenings, except for their 
booth	rejected	language-verb:coffe (handler detail not recorded)	coffe please	I couldn't place that action. Nothing changed. HELP gives examples; name the person or object when returning t
booth	rejected	language-verb:watre (handler detail not recorded)	watre	I couldn't place that action. Nothing changed. HELP gives examples; name the person or object when returning t
booth	rejected	language-verb:help (handler detail not recorded)	helo	I couldn't place that action. Nothing changed. HELP gives examples; name the person or object when returning t
booth	clarified	conversation:absent	hi sabel	Sable isn't here to continue that conversation. They are at the bar during staffed evenings, except for their 
booth	clarified	conversation:absent	do you remember that night	Sable isn't here to continue that conversation. They are at the bar during staffed evenings, except for their 
booth	rejected	language-verb:were (handler detail not recorded)	were you there	I couldn't place that action. Nothing changed. HELP gives examples; name the person or object when returning t
booth	rejected	language-verb:is (handler detail not recorded)	is this you	I couldn't place that action. Nothing changed. HELP gives examples; name the person or object when returning t
booth	rejected	language-verb:that's (handler detail not recorded)	that's you	I couldn't place that action. Nothing changed. HELP gives examples; name the person or object when returning t
booth	clarified	conversation:absent	you were at the cat's cradle	Sable isn't here to continue that conversation. They are at the bar during staffed evenings, except for their 
booth	rejected	language-verb:show (handler detail not recorded)	how do you explain this	I couldn't place that action. Nothing changed. HELP gives examples; name the person or object when returning t
booth	clarified	conversation:absent	what do you think	Sable isn't here to continue that conversation. They are at the bar during staffed evenings, except for their 
booth	rejected	language-verb:show (handler detail not recorded)	how are you feeling	I couldn't place that action. Nothing changed. HELP gives examples; name the person or object when returning t
booth	rejected	language-verb:are (handler detail not recorded)	are you ok	I couldn't place that action. Nothing changed. HELP gives examples; name the person or object when returning t
booth	rejected	language-verb:are (handler detail not recorded)	are you alright	I couldn't place that action. Nothing changed. HELP gives examples; name the person or object when returning t
booth	rejected	language-verb:this (handler detail not recorded)	this is strange	I couldn't place that action. Nothing changed. HELP gives examples; name the person or object when returning t
booth	rejected	language-verb:i'm (handler detail not recorded)	I'm sorry	I couldn't place that action. Nothing changed. HELP gives examples; name the person or object when returning t
booth	clarified	conversation:qualified-statement	I didn't mean to upset you	Are you correcting something, declining an offer, or asking a question? Please say which you mean.
booth	rejected	language-verb:take (handler detail not recorded)	take your time	Sable isn't here to hear that. A private thought or an unspoken reply doesn't reach them.
booth	rejected	language-verb:it's (handler detail not recorded)	it's ok	I couldn't place that action. Nothing changed. HELP gives examples; name the person or object when returning t
booth	rejected	language-verb:we'll (handler detail not recorded)	we'll figure it out	I couldn't place that action. Nothing changed. HELP gives examples; name the person or object when returning t
booth	rejected	language-verb:what (handler detail not recorded)	what do you want to do	I couldn't place that action. Nothing changed. HELP gives examples; name the person or object when returning t
booth	rejected	language-verb:what (handler detail not recorded)	what will you do	I couldn't place that action. Nothing changed. HELP gives examples; name the person or object when returning t
booth	rejected	language-verb:should (handler detail not recorded)	should we tell someone	I couldn't place that action. Nothing changed. HELP gives examples; name the person or object when returning t
booth	rejected	language-verb:who (handler detail not recorded)	who could have done this	I couldn't place that action. Nothing changed. HELP gives examples; name the person or object when returning t
booth	rejected	language-verb:why (handler detail not recorded)	why would someone do this	I couldn't place that action. Nothing changed. HELP gives examples; name the person or object when returning t
booth	clarified	conversation:absent	do you want me to come with you	Sable isn't here to hear that offer or reply.
booth	clarified	conversation:absent	I'll come with you	Sable isn't here to hear that offer or reply.
booth	rejected	language-verb:i'm (handler detail not recorded)	I'm here for you	I couldn't place that action. Nothing changed. HELP gives examples; name the person or object when returning t
booth	clarified	conversation:absent	tell me about the dream	Sable isn't here to continue that conversation. They are at the bar during staffed evenings, except for their 
booth	clarified	conversation:absent	what do you dream about	Sable isn't here to continue that conversation. They are at the bar during staffed evenings, except for their 
booth	rejected	language-verb:when (handler detail not recorded)	when did the dreams start	I couldn't place that action. Nothing changed. HELP gives examples; name the person or object when returning t
booth	clarified	conversation:absent	tell me about the hospital	Sable isn't here to continue that conversation. They are at the bar during staffed evenings, except for their 
booth	clarified	conversation:absent	what happened in hospital	Sable isn't here to continue that conversation. They are at the bar during staffed evenings, except for their 
booth	clarified	conversation:absent	who was your doctor	Sable isn't here to continue that conversation. They are at the bar during staffed evenings, except for their 
booth	rejected	language-verb:who's (handler detail not recorded)	who's the practitioner	I couldn't place that action. Nothing changed. HELP gives examples; name the person or object when returning t
booth	rejected	language-verb:can (handler detail not recorded)	can you trust them	I couldn't place that action. Nothing changed. HELP gives examples; name the person or object when returning t
booth	clarified	conversation:absent	when is the appointment	Sable isn't here to continue that conversation. They are at the bar during staffed evenings, except for their 
booth	rejected	language-verb:what (handler detail not recorded)	what day	I couldn't place that action. Nothing changed. HELP gives examples; name the person or object when returning t
booth	rejected	language-verb:let (handler detail not recorded)	let me know how it goes	I couldn't place that action. Nothing changed. HELP gives examples; name the person or object when returning t
booth	rejected	language-verb:i'll (handler detail not recorded)	I'll check in tomorrow	I couldn't place that action. Nothing changed. HELP gives examples; name the person or object when returning t
booth	rejected	language-verb:goodnight (handler detail not recorded)	goodnight	I couldn't place that action. Nothing changed. HELP gives examples; name the person or object when returning t
booth	rejected	language-verb:thank (handler detail not recorded)	thank you for telling me	I couldn't place that action. Nothing changed. HELP gives examples; name the person or object when returning t
booth	rejected	language-verb:thank (handler detail not recorded)	thanks for trusting me	I couldn't place that action. Nothing changed. HELP gives examples; name the person or object when returning t
booth	rejected	language-verb:you (handler detail not recorded)	you can trust me	I couldn't place that action. Nothing changed. HELP gives examples; name the person or object when returning t
booth	rejected	language-verb:inventory (handler detail not recorded)	I believe you	I couldn't place that action. Nothing changed. HELP gives examples; name the person or object when returning t
booth	rejected	language-verb:inventory (handler detail not recorded)	I don't know what to say	No action taken. Say what you want to do when you've decided.
booth	rejected	language-verb:that's (handler detail not recorded)	that's a lot	I couldn't place that action. Nothing changed. HELP gives examples; name the person or object when returning t
booth	rejected	language-verb:sit (handler detail not recorded)	sit down	I couldn't place that action. Nothing changed. HELP gives examples; name the person or object when returning t
booth	rejected	language-verb:let's (handler detail not recorded)	let's go to the booth	I couldn't place that action. Nothing changed. HELP gives examples; name the person or object when returning t
booth	rejected	language-verb:can (handler detail not recorded)	can we talk in the booth	I couldn't place that action. Nothing changed. HELP gives examples; name the person or object when returning t
booth	rejected	language-verb:let's (handler detail not recorded)	let's talk privately	Ask Sable at the bar during a staffed evening. They aren't available here.
home	rejected	language-verb:no (handler detail not recorded)	no	Sable isn't here to hear that. A private thought or an unspoken reply doesn't reach them.
home	rejected	language-verb:yes (handler detail not recorded)	yes	Sable isn't here to hear that. A private thought or an unspoken reply doesn't reach them.
home	rejected	language-verb:no (handler detail not recorded)	no it doesn't sound threatening	No action taken. Say what you want to do when you've decided.
home	rejected	language-verb:a (handler detail not recorded)	a little	I couldn't place that action. Nothing changed. HELP gives examples; name the person or object when returning t
home	rejected	language-verb:sounds (handler detail not recorded)	sounds fine to me	I couldn't place that action. Nothing changed. HELP gives examples; name the person or object when returning t
home	rejected	language-verb:it (handler detail not recorded)	it sounds fine	I couldn't place that action. Nothing changed. HELP gives examples; name the person or object when returning t
home	rejected	language-verb:not (handler detail not recorded)	not really	No action taken. Say what you want to do when you've decided.
home	rejected	language-verb:maybe (handler detail not recorded)	maybe	No action taken. Say what you want to do when you've decided.
home	rejected	language-verb:inventory (handler detail not recorded)	I think it's fine	I couldn't place that action. Nothing changed. HELP gives examples; name the person or object when returning t
home	rejected	language-verb:it's (handler detail not recorded)	it's a bit much	I couldn't place that action. Nothing changed. HELP gives examples; name the person or object when returning t
home	clarified	action:unknown-object	examine pencil	I couldn't identify a supported object for that action. Name the menu or a visible evidence item; no object ha
home	clarified	action:unknown-object	look at the pencil	I couldn't identify a supported object for that action. Name the menu or a visible evidence item; no object ha
home	rejected	language-verb:tell (handler detail not recorded)	tell me about the pencil	I couldn't place that action. Nothing changed. HELP gives examples; name the person or object when returning t
home	clarified	action:unknown-object	x counter	I couldn't identify a supported object for that action. Name the menu or a visible evidence item; no object ha
home	rejected	interaction:blocked	look at the counter	That object is not accessible here. Open its container or return to its actual location.
home	clarified	action:unknown-object	look at the glasses	I couldn't identify a supported object for that action. Name the menu or a visible evidence item; no object ha
home	clarified	action:unknown-object	look at the shelves	I couldn't identify a supported object for that action. Name the menu or a visible evidence item; no object ha
home	clarified	action:unknown-object	look at the speakers	I couldn't identify a supported object for that action. Name the menu or a visible evidence item; no object ha
home	rejected	language-verb:search (handler detail not recorded)	look behind the curtain	I couldn't place that action. Nothing changed. HELP gives examples; name the person or object when returning t
home	clarified	action:unknown-object	examine curtain	I couldn't identify a supported object for that action. Name the menu or a visible evidence item; no object ha
home	rejected	language-verb:go (handler detail not recorded)	go through the curtain	You can go to the bar, shop, booth or home.
home	rejected	language-verb:search (handler detail not recorded)	look under the counter	I couldn't place that action. Nothing changed. HELP gives examples; name the person or object when returning t
home	clarified	action:unknown-object	look at the lids	I couldn't identify a supported object for that action. Name the menu or a visible evidence item; no object ha
home	clarified	action:unknown-object	examine the box	I couldn't identify a supported object for that action. Name the menu or a visible evidence item; no object ha
home	clarified	action:unknown-object	look at the box of lids	I couldn't identify a supported object for that action. Name the menu or a visible evidence item; no object ha
home	clarified	action:unknown-object	look at sable	I couldn't identify a supported object for that action. Name the menu or a visible evidence item; no object ha
home	clarified	action:unknown-object	examine sable	I couldn't identify a supported object for that action. Name the menu or a visible evidence item; no object ha
home	clarified	action:unknown-object	x sable	I couldn't identify a supported object for that action. Name the menu or a visible evidence item; no object ha
home	clarified	action:unknown-object	look at the bass line	I couldn't identify a supported object for that action. Name the menu or a visible evidence item; no object ha
home	rejected	language-verb:listen (handler detail not recorded)	listen	Sable isn't here to hear that. A private thought or an unspoken reply doesn't reach them.
home	clarified	conversation:absent	listen to the music	Sable isn't here to continue that conversation. They are at the bar during staffed evenings, except for their 
home	rejected	language-verb:smell (handler detail not recorded)	smell	I couldn't place that action. Nothing changed. HELP gives examples; name the person or object when returning t
home	rejected	language-verb:smell (handler detail not recorded)	smell the coffee	I couldn't place that action. Nothing changed. HELP gives examples; name the person or object when returning t
home	rejected	language-verb:touch (handler detail not recorded)	touch the counter	I couldn't place that action. Nothing changed. HELP gives examples; name the person or object when returning t
home	rejected	language-verb:sit (handler detail not recorded)	sit down	I couldn't place that action. Nothing changed. HELP gives examples; name the person or object when returning t
home	rejected	language-verb:sit (handler detail not recorded)	sit at the counter	I couldn't place that action. Nothing changed. HELP gives examples; name the person or object when returning t
home	rejected	language-verb:stand (handler detail not recorded)	stand up	I couldn't place that action. Nothing changed. HELP gives examples; name the person or object when returning t
home	rejected	interaction:blocked	read menu	That object is not accessible here. Open its container or return to its actual location.
home	rejected	interaction:blocked	read the menu	That object is not accessible here. Open its container or return to its actual location.
home	rejected	language-verb:examine (handler detail not recorded)	x menu	The menu is at the Velvet Corner.
home	rejected	language-verb:inventory (handler detail not recorded)	i	I couldn't place that action. Nothing changed. HELP gives examples; name the person or object when returning t
home	handled	language-verb:inventory (handler detail not recorded)	inventory	satchel (open) | Contents of closed bags are carried but must be opened before inspection or showing.
home	handled	language-verb:wait (handler detail not recorded)	wait	You wait 10 minutes.
home	rejected	language-verb:wait (handler detail not recorded)	z	Wait between one minute and one day, or rest until tomorrow at home.
home	rejected	language-verb:gin (handler detail not recorded)	gin	I couldn't place that action. Nothing changed. HELP gives examples; name the person or object when returning t
home	rejected	language-verb:ask (handler detail not recorded)	ask for gin	I couldn't place that action. Nothing changed. HELP gives examples; name the person or object when returning t
home	rejected	language-verb:a (handler detail not recorded)	a gin please	I couldn't place that action. Nothing changed. HELP gives examples; name the person or object when returning t
home	rejected	language-verb:the (handler detail not recorded)	the special with gin	I couldn't place that action. Nothing changed. HELP gives examples; name the person or object when returning t
home	rejected	language-verb:order (handler detail not recorded)	order the special	Sable isn't here to hear that. A private thought or an unspoken reply doesn't reach them.
home	rejected	language-verb:order (handler detail not recorded)	order coffee	Sable isn't here to hear that. A private thought or an unspoken reply doesn't reach them.
home	rejected	language-verb:tear (handler detail not recorded)	tea please	Sable isn't here to hear that. A private thought or an unspoken reply doesn't reach them.
home	clarified	action:unknown-object	can I get a tea	I couldn't identify a supported object for that action. Name the menu or a visible evidence item; no object ha
home	rejected	language-verb:have (handler detail not recorded)	can I have a coffee please	Sable isn't here to hear that. A private thought or an unspoken reply doesn't reach them.
home	rejected	language-verb:another (handler detail not recorded)	another coffee	I couldn't place that action. Nothing changed. HELP gives examples; name the person or object when returning t
home	rejected	language-verb:same (handler detail not recorded)	same again	I couldn't place that action. Nothing changed. HELP gives examples; name the person or object when returning t
home	rejected	language-verb:i'll (handler detail not recorded)	I'll have a water	I couldn't place that action. Nothing changed. HELP gives examples; name the person or object when returning t
home	clarified	action:unknown-object	give me water	I couldn't identify a supported object for that action. Name the menu or a visible evidence item; no object ha
home	rejected	language-verb:one (handler detail not recorded)	one coffee	I couldn't place that action. Nothing changed. HELP gives examples; name the person or object when returning t
home	rejected	language-verb:coffee (handler detail not recorded)	coffee please	Sable isn't here to hear that. A private thought or an unspoken reply doesn't reach them.
home	rejected	language-verb:a (handler detail not recorded)	a cup of tea	I couldn't place that action. Nothing changed. HELP gives examples; name the person or object when returning t
home	rejected	language-verb:what (handler detail not recorded)	what do you have	I couldn't place that action. Nothing changed. HELP gives examples; name the person or object when returning t
home	rejected	language-verb:what's (handler detail not recorded)	what's good	I couldn't place that action. Nothing changed. HELP gives examples; name the person or object when returning t
home	rejected	language-verb:what (handler detail not recorded)	what do you recommend	I couldn't place that action. Nothing changed. HELP gives examples; name the person or object when returning t
home	clarified	conversation:absent	can I see the menu	Sable isn't here to continue that conversation. They are at the bar during staffed evenings, except for their 
home	clarified	conversation:absent	menu	Sable isn't here to continue that conversation. They are at the bar during staffed evenings, except for their 
home	clarified	conversation:absent	hi	Sable isn't here to continue that conversation. They are at the bar during staffed evenings, except for their 
home	clarified	conversation:absent	hello sable	Sable isn't here to continue that conversation. They are at the bar during staffed evenings, except for their 
home	clarified	conversation:absent	hey	Sable isn't here to continue that conversation. They are at the bar during staffed evenings, except for their 
home	clarified	conversation:absent	how's it going	Sable isn't here to continue that conversation. They are at the bar during staffed evenings, except for their 
home	clarified	conversation:absent	how are you	Sable isn't here to continue that conversation. They are at the bar during staffed evenings, except for their 
home	rejected	language-verb:what's (handler detail not recorded)	what's new	I couldn't place that action. Nothing changed. HELP gives examples; name the person or object when returning t
home	rejected	language-verb:what's (handler detail not recorded)	what's up	I couldn't place that action. Nothing changed. HELP gives examples; name the person or object when returning t
home	clarified	conversation:absent	how's your night	Sable isn't here to continue that conversation. They are at the bar during staffed evenings, except for their 
home	rejected	language-verb:tell (handler detail not recorded)	tell me about yourself	I couldn't place that action. Nothing changed. HELP gives examples; name the person or object when returning t
home	rejected	language-verb:who (handler detail not recorded)	who are you	I couldn't place that action. Nothing changed. HELP gives examples; name the person or object when returning t
home	rejected	language-verb:what (handler detail not recorded)	what do you do	I couldn't place that action. Nothing changed. HELP gives examples; name the person or object when returning t
home	rejected	language-verb:show (handler detail not recorded)	how long have you worked here	I couldn't place that action. Nothing changed. HELP gives examples; name the person or object when returning t
home	rejected	language-verb:do (handler detail not recorded)	do you like it here	I couldn't place that action. Nothing changed. HELP gives examples; name the person or object when returning t
home	rejected	language-verb:do (handler detail not recorded)	do you like working here	I couldn't place that action. Nothing changed. HELP gives examples; name the person or object when returning t
home	clarified	conversation:absent	what's the octopus for	Sable isn't here to continue that conversation. They are at the bar during staffed evenings, except for their 
home	clarified	conversation:absent	tell me about the prom	Sable isn't here to continue that conversation. They are at the bar during staffed evenings, except for their 
home	clarified	conversation:absent	tell me about the supplier	Sable isn't here to continue that conversation. They are at the bar during staffed evenings, except for their 
home	rejected	language-verb:what's (handler detail not recorded)	what's wrong	I couldn't place that action. Nothing changed. HELP gives examples; name the person or object when returning t
home	rejected	language-verb:you (handler detail not recorded)	you seem tired	I couldn't place that action. Nothing changed. HELP gives examples; name the person or object when returning t
home	rejected	language-verb:you (handler detail not recorded)	you ok?	I couldn't place that action. Nothing changed. HELP gives examples; name the person or object when returning t
home	rejected	language-verb:are (handler detail not recorded)	are you alright	I couldn't place that action. Nothing changed. HELP gives examples; name the person or object when returning t
home	rejected	language-verb:nice (handler detail not recorded)	nice place	I couldn't place that action. Nothing changed. HELP gives examples; name the person or object when returning t
home	rejected	language-verb:inventory (handler detail not recorded)	I like it here	I couldn't place that action. Nothing changed. HELP gives examples; name the person or object when returning t
home	clarified	conversation:absent	busy night?	Sable isn't here to continue that conversation. They are at the bar during staffed evenings, except for their 
home	clarified	conversation:absent	what's the story with the lids	Sable isn't here to continue that conversation. They are at the bar during staffed evenings, except for their 
home	clarified	conversation:absent	who is the supplier	Sable isn't here to continue that conversation. They are at the bar during staffed evenings, except for their 
home	rejected	language-verb:what's (handler detail not recorded)	what's the special	I couldn't place that action. Nothing changed. HELP gives examples; name the person or object when returning t
home	clarified	conversation:absent	tell me about the deep sea prom	Sable isn't here to continue that conversation. They are at the bar during staffed evenings, except for their 
home	clarified	conversation:absent	when's the prom	Sable isn't here to continue that conversation. They are at the bar during staffed evenings, except for their 
home	clarified	conversation:absent	can I come to the prom	Sable isn't here to continue that conversation. They are at the bar during staffed evenings, except for their 
home	rejected	language-verb:what's (handler detail not recorded)	what's this place called	I couldn't place that action. Nothing changed. HELP gives examples; name the person or object when returning t
home	rejected	language-verb:show (handler detail not recorded)	how long has the bar been here	I couldn't place that action. Nothing changed. HELP gives examples; name the person or object when returning t
home	rejected	language-verb:do (handler detail not recorded)	do you own the bar	I couldn't place that action. Nothing changed. HELP gives examples; name the person or object when returning t
home	rejected	language-verb:who (handler detail not recorded)	who owns this place	I couldn't place that action. Nothing changed. HELP gives examples; name the person or object when returning t
home	rejected	language-verb:what's (handler detail not recorded)	what's next door	I couldn't place that action. Nothing changed. HELP gives examples; name the person or object when returning t
home	rejected	language-verb:what's (handler detail not recorded)	what's in the shop	I couldn't place that action. Nothing changed. HELP gives examples; name the person or object when returning t
home	rejected	language-verb:who (handler detail not recorded)	who runs the shop	I couldn't place that action. Nothing changed. HELP gives examples; name the person or object when returning t
home	rejected	language-verb:who (handler detail not recorded)	who is vesper	I couldn't place that action. Nothing changed. HELP gives examples; name the person or object when returning t
home	clarified	conversation:unsupported	tell me about vesper	Trial limitation: there is no response for that request yet. You can ask about something Vesper has mentioned.
home	rejected	language-verb:do (handler detail not recorded)	do you know vesper	I couldn't place that action. Nothing changed. HELP gives examples; name the person or object when returning t
home	rejected	language-verb:what's (handler detail not recorded)	what's beyond the curtain	I couldn't place that action. Nothing changed. HELP gives examples; name the person or object when returning t
home	rejected	language-verb:what's (handler detail not recorded)	what's in the booth	I couldn't place that action. Nothing changed. HELP gives examples; name the person or object when returning t
home	rejected	language-verb:can (handler detail not recorded)	can we talk somewhere quiet	I couldn't place that action. Nothing changed. HELP gives examples; name the person or object when returning t
home	rejected	language-verb:can (handler detail not recorded)	can we talk privately	Ask Sable at the bar during a staffed evening. They aren't available here.
home	rejected	language-verb:smell (handler detail not recorded)	smells good	I couldn't place that action. Nothing changed. HELP gives examples; name the person or object when returning t
home	rejected	language-verb:that's (handler detail not recorded)	that's funny	I couldn't place that action. Nothing changed. HELP gives examples; name the person or object when returning t
home	rejected	language-verb:lol (handler detail not recorded)	lol	I couldn't place that action. Nothing changed. HELP gives examples; name the person or object when returning t
home	rejected	language-verb:ha (handler detail not recorded)	ha	I couldn't place that action. Nothing changed. HELP gives examples; name the person or object when returning t
home	rejected	language-verb:nice (handler detail not recorded)	nice	I couldn't place that action. Nothing changed. HELP gives examples; name the person or object when returning t
home	rejected	language-verb:good (handler detail not recorded)	good one	I couldn't place that action. Nothing changed. HELP gives examples; name the person or object when returning t
home	rejected	language-verb:sorry (handler detail not recorded)	sorry	I couldn't place that action. Nothing changed. HELP gives examples; name the person or object when returning t
home	rejected	language-verb:i'm (handler detail not recorded)	I'm tired	I couldn't place that action. Nothing changed. HELP gives examples; name the person or object when returning t
home	rejected	language-verb:thank (handler detail not recorded)	thanks	I couldn't place that action. Nothing changed. HELP gives examples; name the person or object when returning t
home	rejected	language-verb:thank (handler detail not recorded)	thank you	I couldn't place that action. Nothing changed. HELP gives examples; name the person or object when returning t
home	clarified	conversation:absent	thanks sable	Sable isn't here to continue that conversation. They are at the bar during staffed evenings, except for their 
home	rejected	language-verb:cheers (handler detail not recorded)	cheers	I couldn't place that action. Nothing changed. HELP gives examples; name the person or object when returning t
home	rejected	language-verb:bye (handler detail not recorded)	bye	I couldn't place that action. Nothing changed. HELP gives examples; name the person or object when returning t
home	rejected	language-verb:goodbye (handler detail not recorded)	goodbye	I couldn't place that action. Nothing changed. HELP gives examples; name the person or object when returning t
home	rejected	language-verb:see (handler detail not recorded)	see you	I couldn't place that action. Nothing changed. HELP gives examples; name the person or object when returning t
home	rejected	language-verb:goodnight (handler detail not recorded)	goodnight	I couldn't place that action. Nothing changed. HELP gives examples; name the person or object when returning t
home	clarified	conversation:absent	good night sable	Sable isn't here to continue that conversation. They are at the bar during staffed evenings, except for their 
home	clarified	action:unknown-object	take care	I couldn't identify a supported object for that action. Name the menu or a visible evidence item; no object ha
home	rejected	language-verb:you're (handler detail not recorded)	you're funny	I couldn't place that action. Nothing changed. HELP gives examples; name the person or object when returning t
home	rejected	language-verb:inventory (handler detail not recorded)	I like you	I couldn't place that action. Nothing changed. HELP gives examples; name the person or object when returning t
home	rejected	language-verb:you're (handler detail not recorded)	you're good at this	I couldn't place that action. Nothing changed. HELP gives examples; name the person or object when returning t
home	rejected	language-verb:that (handler detail not recorded)	that was good	I couldn't place that action. Nothing changed. HELP gives examples; name the person or object when returning t
home	rejected	language-verb:great (handler detail not recorded)	great coffee	I couldn't place that action. Nothing changed. HELP gives examples; name the person or object when returning t
home	rejected	language-verb:this (handler detail not recorded)	this is nice	I couldn't place that action. Nothing changed. HELP gives examples; name the person or object when returning t
home	rejected	language-verb:i'm (handler detail not recorded)	I'm glad I came	I couldn't place that action. Nothing changed. HELP gives examples; name the person or object when returning t
home	rejected	language-verb:inventory (handler detail not recorded)	I missed you	I couldn't place that action. Nothing changed. HELP gives examples; name the person or object when returning t
home	rejected	language-verb:show (handler detail not recorded)	how was your day	I couldn't place that action. Nothing changed. HELP gives examples; name the person or object when returning t
home	handled	language-verb:go (handler detail not recorded)	go to shop	You go to Secondhand shop. | Vesper is sorting a photographer's clearance lot. The photograph and provenance l
home	clarified	action:unknown-object	shop	I couldn't identify a supported object for that action. Name the menu or a visible evidence item; no object ha
home	rejected	language-verb:text (handler detail not recorded)	next door	I couldn't place that action. Nothing changed. HELP gives examples; name the person or object when returning t
home	rejected	language-verb:go (handler detail not recorded)	go next door	You can go to the bar, shop, booth or home.
home	handled	language-verb:leave (handler detail not recorded)	leave	You go to The Velvet Corner. | The Velvet Corner: warm light on a worn wooden counter, shelves of mismatched g
home	handled	language-verb:go (handler detail not recorded)	go outside	You go to The Velvet Corner. | The Velvet Corner: warm light on a worn wooden counter, shelves of mismatched g
home	handled	language-verb:go (handler detail not recorded)	go home	You go to Your apartment.
home	handled	language-verb:go (handler detail not recorded)	home	You go to Your apartment.
home	handled	language-verb:go (handler detail not recorded)	go to booth	You go to The quiet booth. | The quiet booth has a low table and a shaded lamp. It is empty. Ask Sable at the 
home	rejected	language-verb:booth (handler detail not recorded)	booth	I couldn't place that action. Nothing changed. HELP gives examples; name the person or object when returning t
home	rejected	language-verb:curtain (handler detail not recorded)	curtain	I couldn't place that action. Nothing changed. HELP gives examples; name the person or object when returning t
home	handled	language-verb:enter (handler detail not recorded)	enter booth	You go to The quiet booth. | The quiet booth has a low table and a shaded lamp. It is empty. Ask Sable at the 
home	rejected	language-verb:sit (handler detail not recorded)	sit in booth	I couldn't place that action. Nothing changed. HELP gives examples; name the person or object when returning t
home	handled	language-verb:go (handler detail not recorded)	go to the quiet booth	You go to The quiet booth. | The quiet booth has a low table and a shaded lamp. It is empty. Ask Sable at the 
home	handled	language-verb:go (handler detail not recorded)	walk to the shop	You go to Secondhand shop. | Vesper is sorting a photographer's clearance lot. The photograph and provenance l
home	rejected	language-verb:visit (handler detail not recorded)	visit vesper	I couldn't place that action. Nothing changed. HELP gives examples; name the person or object when returning t
home	rejected	language-verb:go (handler detail not recorded)	go see vesper	You can go to the bar, shop, booth or home.
home	handled	language-verb:go (handler detail not recorded)	head home	You go to Your apartment.
home	rejected	language-verb:go (handler detail not recorded)	go back	You can go to the bar, shop, booth or home.
home	rejected	language-verb:leave (handler detail not recorded)	exit	I couldn't place that action. Nothing changed. HELP gives examples; name the person or object when returning t
home	clarified	action:unknown-object	out	I couldn't identify a supported object for that action. Name the menu or a visible evidence item; no object ha
home	rejected	language-verb:go (handler detail not recorded)	n	I couldn't place that action. Nothing changed. HELP gives examples; name the person or object when returning t
home	rejected	language-verb:go (handler detail not recorded)	north	I couldn't place that action. Nothing changed. HELP gives examples; name the person or object when returning t
home	handled	help:controls	help	Type a short action or a reply in your own words. LOOK describes your surroundings; INVENTORY shows belongings
home	handled	help:spoilers	hint	Optional puzzle guidance — contains spoilers: | Try TALK TO SABLE, ASK SABLE ABOUT THEIR MEMORIES, ORDER TEA, 
home	handled	language-verb:journal (handler detail not recorded)	journal	Your notes — observations, accounts and uncertainties:
home	handled	think:private	think	Private: Three weeks here. The bar has started to have familiar sounds: glass on wood, the fridge catching, Sa
home	rejected	language-verb:save (handler detail not recorded)	save	I couldn't place that action. Nothing changed. HELP gives examples; name the person or object when returning t
home	rejected	language-verb:quit (handler detail not recorded)	quit	I couldn't place that action. Nothing changed. HELP gives examples; name the person or object when returning t
home	handled	language-verb:look (handler detail not recorded)	look	Your apartment. The kettle has no theories. You can return to the bar or shop, or REST UNTIL TOMORROW: an opti
home	clarified	action:unknown-object	l	I couldn't identify a supported object for that action. Name the menu or a visible evidence item; no object ha
home	rejected	language-verb:lok (handler detail not recorded)	lok	I couldn't place that action. Nothing changed. HELP gives examples; name the person or object when returning t
home	clarified	conversation:absent	tlak to sable	Sable isn't here to continue that conversation. They are at the bar during staffed evenings, except for their 
home	rejected	language-verb:coffe (handler detail not recorded)	coffe please	I couldn't place that action. Nothing changed. HELP gives examples; name the person or object when returning t
home	rejected	language-verb:watre (handler detail not recorded)	watre	I couldn't place that action. Nothing changed. HELP gives examples; name the person or object when returning t
home	rejected	language-verb:help (handler detail not recorded)	helo	I couldn't place that action. Nothing changed. HELP gives examples; name the person or object when returning t
home	clarified	conversation:absent	hi sabel	Sable isn't here to continue that conversation. They are at the bar during staffed evenings, except for their 